2026-06-23T19:04:49+02:00,gateway,10.30.0.1,LOSS,
2026-06-23T19:04:49+02:00,quad9,9.9.9.9,LOSS,
2026-06-23T19:04:49+02:00,google,8.8.8.8,LOSS,
2026-06-23T19:04:51+02:00,gateway,10.30.0.1,LOSS,
2026-06-23T19:04:51+02:00,quad9,9.9.9.9,LOSS,
2026-06-23T19:04:51+02:00,google,8.8.8.8,LOSS,
2026-06-23T19:04:53+02:00,gateway,10.30.0.1,LOSS,
2026-06-23T19:04:53+02:00,quad9,9.9.9.9,LOSS,
2026-06-23T19:04:53+02:00,google,8.8.8.8,LOSS,
2026-06-23T19:04:55+02:00,gateway,10.30.0.1,LOSS,
2026-06-23T19:04:55+02:00,quad9,9.9.9.9,LOSS,
2026-06-23T19:04:55+02:00,google,8.8.8.8,LOSS,
2026-06-23T19:04:57+02:00,gateway,10.30.0.1,ok,0.493
2026-06-23T19:04:57+02:00,quad9,9.9.9.9,LOSS,
2026-06-23T19:04:57+02:00,google,8.8.8.8,LOSS,
2026-06-23T19:05:03+02:00,gateway,10.30.0.1,ok,0.523
2026-06-23T19:05:03+02:00,quad9,9.9.9.9,ok,11.4
2026-06-23T19:05:03+02:00,google,8.8.8.8,ok,7.17
2026-06-23T19:05:05+02:00,gateway,10.30.0.1,ok,0.627
2026-06-23T19:05:05+02:00,quad9,9.9.9.9,ok,14.6
2026-06-23T19:05:05+02:00,google,8.8.8.8,ok,3.89
2026-06-23T19:05:07+02:00,gateway,10.30.0.1,ok,0.548
2026-06-23T19:05:07+02:00,quad9,9.9.9.9,ok,11.4
2026-06-23T19:05:07+02:00,google,8.8.8.8,ok,5.95
2026-06-23T19:05:09+02:00,gateway,10.30.0.1,ok,0.529
2026-06-23T19:05:09+02:00,quad9,9.9.9.9,ok,11.1
2026-06-23T19:05:09+02:00,google,8.8.8.8,ok,4.11
2026-06-23T19:05:11+02:00,gateway,10.30.0.1,ok,0.525
2026-06-23T19:05:11+02:00,quad9,9.9.9.9,ok,11.9
2026-06-23T19:05:11+02:00,google,8.8.8.8,ok,4.18
2026-06-23T19:05:13+02:00,gateway,10.30.0.1,ok,0.516
2026-06-23T19:05:13+02:00,quad9,9.9.9.9,ok,12.1
2026-06-23T19:05:13+02:00,google,8.8.8.8,ok,4.05
2026-06-23T19:05:16+02:00,gateway,10.30.0.1,ok,0.484
2026-06-23T19:05:16+02:00,quad9,9.9.9.9,ok,11.7
2026-06-23T19:05:16+02:00,google,8.8.8.8,ok,6.40
2026-06-23T19:05:18+02:00,gateway,10.30.0.1,ok,0.451
2026-06-23T19:05:18+02:00,quad9,9.9.9.9,ok,10.9
2026-06-23T19:05:18+02:00,google,8.8.8.8,ok,3.83
2026-06-23T19:05:20+02:00,gateway,10.30.0.1,ok,1.31
2026-06-23T19:05:20+02:00,quad9,9.9.9.9,ok,12.4
2026-06-23T19:05:20+02:00,google,8.8.8.8,ok,4.35
2026-06-23T19:05:22+02:00,gateway,10.30.0.1,ok,0.494
2026-06-23T19:05:22+02:00,quad9,9.9.9.9,ok,22.2
2026-06-23T19:05:22+02:00,google,8.8.8.8,ok,15.4
2026-06-23T19:05:24+02:00,gateway,10.30.0.1,ok,0.472
2026-06-23T19:05:24+02:00,quad9,9.9.9.9,ok,12.4
2026-06-23T19:05:24+02:00,google,8.8.8.8,ok,4.22
2026-06-23T19:05:26+02:00,gateway,10.30.0.1,ok,0.491
2026-06-23T19:05:26+02:00,quad9,9.9.9.9,ok,11.0
2026-06-23T19:05:26+02:00,google,8.8.8.8,ok,4.17
2026-06-23T19:05:28+02:00,gateway,10.30.0.1,ok,0.551
2026-06-23T19:05:28+02:00,quad9,9.9.9.9,ok,20.0
2026-06-23T19:05:28+02:00,google,8.8.8.8,ok,5.99
2026-06-23T19:05:30+02:00,gateway,10.30.0.1,ok,0.565
2026-06-23T19:05:30+02:00,quad9,9.9.9.9,ok,13.1
2026-06-23T19:05:30+02:00,google,8.8.8.8,ok,13.5
2026-06-23T19:05:32+02:00,gateway,10.30.0.1,ok,0.595
2026-06-23T19:05:32+02:00,quad9,9.9.9.9,ok,11.5
2026-06-23T19:05:32+02:00,google,8.8.8.8,ok,4.02
2026-06-23T19:05:35+02:00,gateway,10.30.0.1,ok,0.601
2026-06-23T19:05:35+02:00,quad9,9.9.9.9,ok,16.5
2026-06-23T19:05:35+02:00,google,8.8.8.8,ok,4.20
2026-06-23T19:05:37+02:00,gateway,10.30.0.1,ok,0.562
2026-06-23T19:05:37+02:00,quad9,9.9.9.9,ok,12.6
2026-06-23T19:05:37+02:00,google,8.8.8.8,ok,11.2
2026-06-23T19:05:39+02:00,gateway,10.30.0.1,ok,0.580
2026-06-23T19:05:39+02:00,quad9,9.9.9.9,ok,11.4
2026-06-23T19:05:39+02:00,google,8.8.8.8,ok,4.41
2026-06-23T19:05:41+02:00,gateway,10.30.0.1,ok,0.619
2026-06-23T19:05:41+02:00,quad9,9.9.9.9,ok,11.2
2026-06-23T19:05:41+02:00,google,8.8.8.8,ok,4.11
2026-06-23T19:05:43+02:00,gateway,10.30.0.1,ok,0.497
2026-06-23T19:05:43+02:00,quad9,9.9.9.9,ok,12.6
2026-06-23T19:05:43+02:00,google,8.8.8.8,ok,4.14
2026-06-23T19:05:45+02:00,gateway,10.30.0.1,ok,0.560
2026-06-23T19:05:45+02:00,quad9,9.9.9.9,ok,13.1
2026-06-23T19:05:45+02:00,google,8.8.8.8,ok,6.33
2026-06-23T19:05:47+02:00,gateway,10.30.0.1,ok,0.425
2026-06-23T19:05:47+02:00,quad9,9.9.9.9,ok,17.1
2026-06-23T19:05:47+02:00,google,8.8.8.8,ok,10.1
2026-06-23T19:05:49+02:00,gateway,10.30.0.1,ok,0.511
2026-06-23T19:05:49+02:00,quad9,9.9.9.9,ok,10.9
2026-06-23T19:05:49+02:00,google,8.8.8.8,ok,4.05
2026-06-23T19:05:51+02:00,gateway,10.30.0.1,ok,0.549
2026-06-23T19:05:51+02:00,quad9,9.9.9.9,ok,12.3
2026-06-23T19:05:51+02:00,google,8.8.8.8,ok,6.03
2026-06-23T19:05:53+02:00,gateway,10.30.0.1,ok,0.584
2026-06-23T19:05:53+02:00,quad9,9.9.9.9,ok,10.9
2026-06-23T19:05:53+02:00,google,8.8.8.8,ok,5.47
2026-06-23T19:05:55+02:00,gateway,10.30.0.1,ok,0.548
2026-06-23T19:05:55+02:00,quad9,9.9.9.9,ok,11.2
2026-06-23T19:05:55+02:00,google,8.8.8.8,ok,7.58
2026-06-23T19:05:57+02:00,gateway,10.30.0.1,ok,0.494
2026-06-23T19:05:57+02:00,quad9,9.9.9.9,ok,11.1
2026-06-23T19:05:57+02:00,google,8.8.8.8,ok,4.46
2026-06-23T19:05:59+02:00,gateway,10.30.0.1,ok,0.577
2026-06-23T19:05:59+02:00,quad9,9.9.9.9,ok,12.8
2026-06-23T19:05:59+02:00,google,8.8.8.8,ok,4.35
2026-06-23T19:06:01+02:00,gateway,10.30.0.1,ok,0.653
2026-06-23T19:06:01+02:00,quad9,9.9.9.9,ok,12.2
2026-06-23T19:06:01+02:00,google,8.8.8.8,ok,7.32
2026-06-23T19:06:03+02:00,gateway,10.30.0.1,ok,0.449
2026-06-23T19:06:03+02:00,quad9,9.9.9.9,ok,11.1
2026-06-23T19:06:03+02:00,google,8.8.8.8,ok,4.22
2026-06-23T19:06:05+02:00,gateway,10.30.0.1,ok,0.414
2026-06-23T19:06:05+02:00,quad9,9.9.9.9,ok,11.4
2026-06-23T19:06:05+02:00,google,8.8.8.8,ok,3.87
2026-06-23T19:06:08+02:00,gateway,10.30.0.1,ok,0.478
2026-06-23T19:06:08+02:00,quad9,9.9.9.9,ok,11.1
2026-06-23T19:06:08+02:00,google,8.8.8.8,ok,4.30
2026-06-23T19:06:10+02:00,gateway,10.30.0.1,ok,0.539
2026-06-23T19:06:10+02:00,quad9,9.9.9.9,ok,10.9
2026-06-23T19:06:10+02:00,google,8.8.8.8,ok,4.48
2026-06-23T19:06:12+02:00,gateway,10.30.0.1,ok,0.491
2026-06-23T19:06:12+02:00,quad9,9.9.9.9,ok,14.6
2026-06-23T19:06:12+02:00,google,8.8.8.8,ok,22.9
2026-06-23T19:06:14+02:00,gateway,10.30.0.1,ok,0.486
2026-06-23T19:06:14+02:00,quad9,9.9.9.9,ok,11.2
2026-06-23T19:06:14+02:00,google,8.8.8.8,ok,4.27
2026-06-23T19:06:16+02:00,gateway,10.30.0.1,ok,0.454
2026-06-23T19:06:16+02:00,quad9,9.9.9.9,ok,11.5
2026-06-23T19:06:16+02:00,google,8.8.8.8,ok,7.13
2026-06-23T19:06:18+02:00,gateway,10.30.0.1,ok,0.424
2026-06-23T19:06:18+02:00,quad9,9.9.9.9,ok,14.3
2026-06-23T19:06:18+02:00,google,8.8.8.8,ok,8.27
2026-06-23T19:06:20+02:00,gateway,10.30.0.1,ok,0.691
2026-06-23T19:06:20+02:00,quad9,9.9.9.9,ok,11.4
2026-06-23T19:06:20+02:00,google,8.8.8.8,ok,4.01
2026-06-23T19:06:22+02:00,gateway,10.30.0.1,ok,0.516
2026-06-23T19:06:22+02:00,quad9,9.9.9.9,ok,12.3
2026-06-23T19:06:22+02:00,google,8.8.8.8,ok,3.99
2026-06-23T19:06:24+02:00,gateway,10.30.0.1,ok,0.542
2026-06-23T19:06:24+02:00,quad9,9.9.9.9,ok,13.9
2026-06-23T19:06:24+02:00,google,8.8.8.8,ok,4.73
2026-06-23T19:06:26+02:00,gateway,10.30.0.1,ok,0.555
2026-06-23T19:06:26+02:00,quad9,9.9.9.9,ok,11.4
2026-06-23T19:06:26+02:00,google,8.8.8.8,ok,4.23
2026-06-23T19:06:28+02:00,gateway,10.30.0.1,ok,0.505
2026-06-23T19:06:28+02:00,quad9,9.9.9.9,ok,15.5
2026-06-23T19:06:28+02:00,google,8.8.8.8,ok,4.32
2026-06-23T19:06:30+02:00,gateway,10.30.0.1,ok,0.593
2026-06-23T19:06:30+02:00,quad9,9.9.9.9,ok,12.9
2026-06-23T19:06:30+02:00,google,8.8.8.8,ok,4.41
2026-06-23T19:06:32+02:00,gateway,10.30.0.1,ok,0.642
2026-06-23T19:06:32+02:00,quad9,9.9.9.9,ok,10.8
2026-06-23T19:06:32+02:00,google,8.8.8.8,ok,5.82
2026-06-23T19:06:34+02:00,gateway,10.30.0.1,ok,0.514
2026-06-23T19:06:34+02:00,quad9,9.9.9.9,ok,12.7
2026-06-23T19:06:34+02:00,google,8.8.8.8,ok,4.35
2026-06-23T19:06:36+02:00,gateway,10.30.0.1,ok,0.525
2026-06-23T19:06:36+02:00,quad9,9.9.9.9,ok,13.3
2026-06-23T19:06:36+02:00,google,8.8.8.8,ok,4.25
2026-06-23T19:06:38+02:00,gateway,10.30.0.1,ok,0.560
2026-06-23T19:06:38+02:00,quad9,9.9.9.9,ok,12.2
2026-06-23T19:06:38+02:00,google,8.8.8.8,ok,6.19
2026-06-23T19:06:41+02:00,gateway,10.30.0.1,ok,0.525
2026-06-23T19:06:41+02:00,quad9,9.9.9.9,ok,11.7
2026-06-23T19:06:41+02:00,google,8.8.8.8,ok,6.21
2026-06-23T19:06:43+02:00,gateway,10.30.0.1,ok,0.543
2026-06-23T19:06:43+02:00,quad9,9.9.9.9,ok,35.8
2026-06-23T19:06:43+02:00,google,8.8.8.8,ok,4.14
2026-06-23T19:06:45+02:00,gateway,10.30.0.1,ok,0.486
2026-06-23T19:06:45+02:00,quad9,9.9.9.9,ok,11.0
2026-06-23T19:06:45+02:00,google,8.8.8.8,ok,4.14
2026-06-23T19:06:47+02:00,gateway,10.30.0.1,ok,0.546
2026-06-23T19:06:47+02:00,quad9,9.9.9.9,ok,11.0
2026-06-23T19:06:47+02:00,google,8.8.8.8,ok,6.65
2026-06-23T19:06:49+02:00,gateway,10.30.0.1,ok,0.460
2026-06-23T19:06:49+02:00,quad9,9.9.9.9,ok,13.5
2026-06-23T19:06:49+02:00,google,8.8.8.8,ok,4.11
2026-06-23T19:06:51+02:00,gateway,10.30.0.1,ok,0.555
2026-06-23T19:06:51+02:00,quad9,9.9.9.9,ok,11.3
2026-06-23T19:06:51+02:00,google,8.8.8.8,ok,4.54
2026-06-23T19:06:53+02:00,gateway,10.30.0.1,ok,0.491
2026-06-23T19:06:53+02:00,quad9,9.9.9.9,ok,15.3
2026-06-23T19:06:53+02:00,google,8.8.8.8,ok,8.78
2026-06-23T19:06:55+02:00,gateway,10.30.0.1,ok,0.452
2026-06-23T19:06:55+02:00,quad9,9.9.9.9,ok,11.1
2026-06-23T19:06:55+02:00,google,8.8.8.8,ok,4.90
2026-06-23T19:06:57+02:00,gateway,10.30.0.1,ok,0.625
2026-06-23T19:06:57+02:00,quad9,9.9.9.9,ok,12.4
2026-06-23T19:06:57+02:00,google,8.8.8.8,ok,4.49
2026-06-23T19:06:59+02:00,gateway,10.30.0.1,ok,0.607
2026-06-23T19:06:59+02:00,quad9,9.9.9.9,ok,13.7
2026-06-23T19:06:59+02:00,google,8.8.8.8,ok,6.49
2026-06-23T19:07:01+02:00,gateway,10.30.0.1,ok,0.556
2026-06-23T19:07:01+02:00,quad9,9.9.9.9,ok,29.3
2026-06-23T19:07:01+02:00,google,8.8.8.8,ok,25.9
2026-06-23T19:07:03+02:00,gateway,10.30.0.1,ok,0.580
2026-06-23T19:07:03+02:00,quad9,9.9.9.9,ok,14.1
2026-06-23T19:07:03+02:00,google,8.8.8.8,ok,8.04
2026-06-23T19:07:05+02:00,gateway,10.30.0.1,ok,0.513
2026-06-23T19:07:05+02:00,quad9,9.9.9.9,ok,11.7
2026-06-23T19:07:05+02:00,google,8.8.8.8,ok,4.45
2026-06-23T19:07:07+02:00,gateway,10.30.0.1,ok,0.397
2026-06-23T19:07:07+02:00,quad9,9.9.9.9,ok,10.9
2026-06-23T19:07:07+02:00,google,8.8.8.8,ok,6.42
2026-06-23T19:07:10+02:00,gateway,10.30.0.1,ok,0.523
2026-06-23T19:07:10+02:00,quad9,9.9.9.9,ok,11.6
2026-06-23T19:07:10+02:00,google,8.8.8.8,ok,4.04
2026-06-23T19:07:12+02:00,gateway,10.30.0.1,ok,0.476
2026-06-23T19:07:12+02:00,quad9,9.9.9.9,ok,10.8
2026-06-23T19:07:12+02:00,google,8.8.8.8,ok,5.51
2026-06-23T19:07:14+02:00,gateway,10.30.0.1,ok,0.514
2026-06-23T19:07:14+02:00,quad9,9.9.9.9,ok,21.3
2026-06-23T19:07:14+02:00,google,8.8.8.8,ok,4.50
2026-06-23T19:07:16+02:00,gateway,10.30.0.1,ok,0.534
2026-06-23T19:07:16+02:00,quad9,9.9.9.9,ok,32.3
2026-06-23T19:07:16+02:00,google,8.8.8.8,ok,5.77
2026-06-23T19:07:18+02:00,gateway,10.30.0.1,ok,0.446
2026-06-23T19:07:18+02:00,quad9,9.9.9.9,ok,12.7
2026-06-23T19:07:18+02:00,google,8.8.8.8,ok,3.99
2026-06-23T19:07:20+02:00,gateway,10.30.0.1,ok,0.454
2026-06-23T19:07:20+02:00,quad9,9.9.9.9,ok,11.0
2026-06-23T19:07:20+02:00,google,8.8.8.8,ok,4.41
2026-06-23T19:07:22+02:00,gateway,10.30.0.1,ok,0.589
2026-06-23T19:07:22+02:00,quad9,9.9.9.9,ok,11.3
2026-06-23T19:07:22+02:00,google,8.8.8.8,ok,4.43
2026-06-23T19:07:24+02:00,gateway,10.30.0.1,ok,0.517
2026-06-23T19:07:24+02:00,quad9,9.9.9.9,ok,60.2
2026-06-23T19:07:24+02:00,google,8.8.8.8,ok,20.4
2026-06-23T19:07:26+02:00,gateway,10.30.0.1,ok,0.649
2026-06-23T19:07:26+02:00,quad9,9.9.9.9,ok,38.9
2026-06-23T19:07:26+02:00,google,8.8.8.8,ok,40.2
2026-06-23T19:07:28+02:00,gateway,10.30.0.1,ok,0.503
2026-06-23T19:07:28+02:00,quad9,9.9.9.9,ok,27.0
2026-06-23T19:07:28+02:00,google,8.8.8.8,ok,11.5
2026-06-23T19:07:30+02:00,gateway,10.30.0.1,ok,0.550
2026-06-23T19:07:30+02:00,quad9,9.9.9.9,ok,11.3
2026-06-23T19:07:30+02:00,google,8.8.8.8,ok,4.14
2026-06-23T19:07:32+02:00,gateway,10.30.0.1,ok,0.545
2026-06-23T19:07:32+02:00,quad9,9.9.9.9,ok,11.6
2026-06-23T19:07:32+02:00,google,8.8.8.8,ok,4.05
2026-06-23T19:07:35+02:00,gateway,10.30.0.1,ok,0.561
2026-06-23T19:07:35+02:00,quad9,9.9.9.9,ok,27.9
2026-06-23T19:07:35+02:00,google,8.8.8.8,ok,13.6
2026-06-23T19:07:37+02:00,gateway,10.30.0.1,ok,0.467
2026-06-23T19:07:37+02:00,quad9,9.9.9.9,ok,14.3
2026-06-23T19:07:37+02:00,google,8.8.8.8,ok,8.46
2026-06-23T19:07:39+02:00,gateway,10.30.0.1,ok,0.490
2026-06-23T19:07:39+02:00,quad9,9.9.9.9,ok,12.1
2026-06-23T19:07:39+02:00,google,8.8.8.8,ok,6.33
2026-06-23T19:07:41+02:00,gateway,10.30.0.1,ok,0.574
2026-06-23T19:07:41+02:00,quad9,9.9.9.9,ok,18.8
2026-06-23T19:07:41+02:00,google,8.8.8.8,ok,6.29
2026-06-23T19:07:43+02:00,gateway,10.30.0.1,ok,0.516
2026-06-23T19:07:43+02:00,quad9,9.9.9.9,ok,14.4
2026-06-23T19:07:43+02:00,google,8.8.8.8,ok,4.19
2026-06-23T19:07:45+02:00,gateway,10.30.0.1,ok,0.612
2026-06-23T19:07:45+02:00,quad9,9.9.9.9,ok,12.8
2026-06-23T19:07:45+02:00,google,8.8.8.8,ok,4.04
2026-06-23T19:07:47+02:00,gateway,10.30.0.1,ok,0.544
2026-06-23T19:07:47+02:00,quad9,9.9.9.9,ok,12.7
2026-06-23T19:07:47+02:00,google,8.8.8.8,ok,4.56
2026-06-23T19:07:49+02:00,gateway,10.30.0.1,ok,0.500
2026-06-23T19:07:49+02:00,quad9,9.9.9.9,ok,11.5
2026-06-23T19:07:49+02:00,google,8.8.8.8,ok,3.95
2026-06-23T19:07:51+02:00,gateway,10.30.0.1,ok,0.568
2026-06-23T19:07:51+02:00,quad9,9.9.9.9,ok,14.9
2026-06-23T19:07:51+02:00,google,8.8.8.8,ok,9.19
2026-06-23T19:07:53+02:00,gateway,10.30.0.1,ok,0.601
2026-06-23T19:07:53+02:00,quad9,9.9.9.9,ok,12.4
2026-06-23T19:07:53+02:00,google,8.8.8.8,ok,4.34
2026-06-23T19:07:55+02:00,gateway,10.30.0.1,ok,0.488
2026-06-23T19:07:55+02:00,quad9,9.9.9.9,ok,12.8
2026-06-23T19:07:55+02:00,google,8.8.8.8,ok,4.06
2026-06-23T19:07:57+02:00,gateway,10.30.0.1,ok,0.505
2026-06-23T19:07:57+02:00,quad9,9.9.9.9,ok,10.9
2026-06-23T19:07:57+02:00,google,8.8.8.8,ok,6.73
2026-06-23T19:07:59+02:00,gateway,10.30.0.1,ok,0.576
2026-06-23T19:07:59+02:00,quad9,9.9.9.9,ok,11.5
2026-06-23T19:07:59+02:00,google,8.8.8.8,ok,5.66
2026-06-23T19:08:01+02:00,gateway,10.30.0.1,ok,0.500
2026-06-23T19:08:01+02:00,quad9,9.9.9.9,ok,14.6
2026-06-23T19:08:01+02:00,google,8.8.8.8,ok,4.03
2026-06-23T19:08:03+02:00,gateway,10.30.0.1,ok,0.644
2026-06-23T19:08:03+02:00,quad9,9.9.9.9,ok,11.5
2026-06-23T19:08:03+02:00,google,8.8.8.8,ok,4.07
2026-06-23T19:08:06+02:00,gateway,10.30.0.1,ok,0.422
2026-06-23T19:08:06+02:00,quad9,9.9.9.9,ok,12.5
2026-06-23T19:08:06+02:00,google,8.8.8.8,ok,4.04
2026-06-23T19:08:08+02:00,gateway,10.30.0.1,ok,0.500
2026-06-23T19:08:08+02:00,quad9,9.9.9.9,ok,17.0
2026-06-23T19:08:08+02:00,google,8.8.8.8,ok,4.94
2026-06-23T19:08:10+02:00,gateway,10.30.0.1,ok,0.526
2026-06-23T19:08:10+02:00,quad9,9.9.9.9,ok,11.2
2026-06-23T19:08:10+02:00,google,8.8.8.8,ok,4.22
2026-06-23T19:08:12+02:00,gateway,10.30.0.1,ok,0.529
2026-06-23T19:08:12+02:00,quad9,9.9.9.9,ok,10.8
2026-06-23T19:08:12+02:00,google,8.8.8.8,ok,4.98
2026-06-23T19:08:14+02:00,gateway,10.30.0.1,ok,0.501
2026-06-23T19:08:14+02:00,quad9,9.9.9.9,ok,11.0
2026-06-23T19:08:14+02:00,google,8.8.8.8,ok,10.2
2026-06-23T19:08:16+02:00,gateway,10.30.0.1,ok,0.498
2026-06-23T19:08:16+02:00,quad9,9.9.9.9,ok,14.3
2026-06-23T19:08:16+02:00,google,8.8.8.8,ok,15.4
2026-06-23T19:08:18+02:00,gateway,10.30.0.1,ok,0.439
2026-06-23T19:08:18+02:00,quad9,9.9.9.9,ok,12.7
2026-06-23T19:08:18+02:00,google,8.8.8.8,ok,9.37
2026-06-23T19:08:20+02:00,gateway,10.30.0.1,ok,0.503
2026-06-23T19:08:20+02:00,quad9,9.9.9.9,ok,11.7
2026-06-23T19:08:20+02:00,google,8.8.8.8,ok,4.94
2026-06-23T19:08:22+02:00,gateway,10.30.0.1,ok,0.508
2026-06-23T19:08:22+02:00,quad9,9.9.9.9,ok,11.3
2026-06-23T19:08:22+02:00,google,8.8.8.8,ok,5.21
2026-06-23T19:08:24+02:00,gateway,10.30.0.1,ok,0.547
2026-06-23T19:08:24+02:00,quad9,9.9.9.9,ok,41.0
2026-06-23T19:08:24+02:00,google,8.8.8.8,ok,20.3
2026-06-23T19:08:26+02:00,gateway,10.30.0.1,ok,0.543
2026-06-23T19:08:26+02:00,quad9,9.9.9.9,ok,10.8
2026-06-23T19:08:26+02:00,google,8.8.8.8,ok,4.11
2026-06-23T19:08:28+02:00,gateway,10.30.0.1,ok,0.444
2026-06-23T19:08:28+02:00,quad9,9.9.9.9,ok,10.9
2026-06-23T19:08:28+02:00,google,8.8.8.8,ok,4.02
2026-06-23T19:08:30+02:00,gateway,10.30.0.1,ok,0.388
2026-06-23T19:08:30+02:00,quad9,9.9.9.9,ok,11.6
2026-06-23T19:08:30+02:00,google,8.8.8.8,ok,4.12
2026-06-23T19:08:32+02:00,gateway,10.30.0.1,ok,0.573
2026-06-23T19:08:32+02:00,quad9,9.9.9.9,ok,11.5
2026-06-23T19:08:32+02:00,google,8.8.8.8,ok,4.05
2026-06-23T19:08:34+02:00,gateway,10.30.0.1,ok,0.624
2026-06-23T19:08:34+02:00,quad9,9.9.9.9,ok,16.5
2026-06-23T19:08:34+02:00,google,8.8.8.8,ok,5.32
2026-06-23T19:08:37+02:00,gateway,10.30.0.1,ok,0.620
2026-06-23T19:08:37+02:00,quad9,9.9.9.9,ok,12.5
2026-06-23T19:08:37+02:00,google,8.8.8.8,ok,4.18
2026-06-23T19:08:39+02:00,gateway,10.30.0.1,ok,0.573
2026-06-23T19:08:39+02:00,quad9,9.9.9.9,ok,11.4
2026-06-23T19:08:39+02:00,google,8.8.8.8,ok,4.53
2026-06-23T19:08:41+02:00,gateway,10.30.0.1,ok,0.456
2026-06-23T19:08:41+02:00,quad9,9.9.9.9,ok,15.9
2026-06-23T19:08:41+02:00,google,8.8.8.8,ok,12.4
2026-06-23T19:08:43+02:00,gateway,10.30.0.1,ok,0.545
2026-06-23T19:08:43+02:00,quad9,9.9.9.9,ok,11.7
2026-06-23T19:08:43+02:00,google,8.8.8.8,ok,5.28
2026-06-23T19:08:45+02:00,gateway,10.30.0.1,ok,0.562
2026-06-23T19:08:45+02:00,quad9,9.9.9.9,ok,10.8
2026-06-23T19:08:45+02:00,google,8.8.8.8,ok,4.87
2026-06-23T19:08:47+02:00,gateway,10.30.0.1,ok,0.447
2026-06-23T19:08:47+02:00,quad9,9.9.9.9,ok,21.8
2026-06-23T19:08:47+02:00,google,8.8.8.8,ok,4.87
2026-06-23T19:08:49+02:00,gateway,10.30.0.1,ok,0.406
2026-06-23T19:08:49+02:00,quad9,9.9.9.9,ok,11.7
2026-06-23T19:08:49+02:00,google,8.8.8.8,ok,3.90
2026-06-23T19:08:51+02:00,gateway,10.30.0.1,ok,0.628
2026-06-23T19:08:51+02:00,quad9,9.9.9.9,ok,10.9
2026-06-23T19:08:51+02:00,google,8.8.8.8,ok,4.00
2026-06-23T19:08:53+02:00,gateway,10.30.0.1,ok,0.520
2026-06-23T19:08:53+02:00,quad9,9.9.9.9,ok,11.2
2026-06-23T19:08:53+02:00,google,8.8.8.8,ok,5.39
2026-06-23T19:08:55+02:00,gateway,10.30.0.1,ok,0.609
2026-06-23T19:08:55+02:00,quad9,9.9.9.9,ok,12.7
2026-06-23T19:08:55+02:00,google,8.8.8.8,ok,8.36
2026-06-23T19:08:57+02:00,gateway,10.30.0.1,ok,0.543
2026-06-23T19:08:57+02:00,quad9,9.9.9.9,ok,11.2
2026-06-23T19:08:57+02:00,google,8.8.8.8,ok,4.16
2026-06-23T19:08:59+02:00,gateway,10.30.0.1,ok,0.554
2026-06-23T19:08:59+02:00,quad9,9.9.9.9,ok,11.2
2026-06-23T19:08:59+02:00,google,8.8.8.8,ok,4.35
2026-06-23T19:09:01+02:00,gateway,10.30.0.1,ok,0.435
2026-06-23T19:09:01+02:00,quad9,9.9.9.9,ok,11.4
2026-06-23T19:09:01+02:00,google,8.8.8.8,ok,4.18
2026-06-23T19:09:03+02:00,gateway,10.30.0.1,ok,0.560
2026-06-23T19:09:03+02:00,quad9,9.9.9.9,ok,10.8
2026-06-23T19:09:03+02:00,google,8.8.8.8,ok,4.30
2026-06-23T19:09:05+02:00,gateway,10.30.0.1,ok,0.494
2026-06-23T19:09:05+02:00,quad9,9.9.9.9,ok,16.6
2026-06-23T19:09:05+02:00,google,8.8.8.8,ok,6.54
2026-06-23T19:09:08+02:00,gateway,10.30.0.1,ok,0.462
2026-06-23T19:09:08+02:00,quad9,9.9.9.9,ok,11.0
2026-06-23T19:09:08+02:00,google,8.8.8.8,ok,7.59
2026-06-23T19:09:10+02:00,gateway,10.30.0.1,ok,0.535
2026-06-23T19:09:10+02:00,quad9,9.9.9.9,ok,12.3
2026-06-23T19:09:10+02:00,google,8.8.8.8,ok,3.95
2026-06-23T19:09:12+02:00,gateway,10.30.0.1,ok,0.580
2026-06-23T19:09:12+02:00,quad9,9.9.9.9,ok,10.8
2026-06-23T19:09:12+02:00,google,8.8.8.8,ok,5.46
2026-06-23T19:09:14+02:00,gateway,10.30.0.1,ok,0.589
2026-06-23T19:09:14+02:00,quad9,9.9.9.9,ok,10.8
2026-06-23T19:09:14+02:00,google,8.8.8.8,ok,4.12
2026-06-23T19:09:16+02:00,gateway,10.30.0.1,ok,0.455
2026-06-23T19:09:16+02:00,quad9,9.9.9.9,ok,14.5
2026-06-23T19:09:16+02:00,google,8.8.8.8,ok,4.35
2026-06-23T19:09:18+02:00,gateway,10.30.0.1,ok,0.500
2026-06-23T19:09:18+02:00,quad9,9.9.9.9,ok,12.5
2026-06-23T19:09:18+02:00,google,8.8.8.8,ok,5.79
2026-06-23T19:09:20+02:00,gateway,10.30.0.1,ok,0.506
2026-06-23T19:09:20+02:00,quad9,9.9.9.9,ok,14.3
2026-06-23T19:09:20+02:00,google,8.8.8.8,ok,6.72
2026-06-23T19:09:22+02:00,gateway,10.30.0.1,ok,0.491
2026-06-23T19:09:22+02:00,quad9,9.9.9.9,ok,11.2
2026-06-23T19:09:22+02:00,google,8.8.8.8,ok,4.02
2026-06-23T19:09:24+02:00,gateway,10.30.0.1,ok,0.513
2026-06-23T19:09:24+02:00,quad9,9.9.9.9,ok,13.3
2026-06-23T19:09:24+02:00,google,8.8.8.8,ok,7.94
2026-06-23T19:09:26+02:00,gateway,10.30.0.1,ok,0.484
2026-06-23T19:09:26+02:00,quad9,9.9.9.9,ok,10.9
2026-06-23T19:09:26+02:00,google,8.8.8.8,ok,4.28
2026-06-23T19:09:28+02:00,gateway,10.30.0.1,ok,0.543
2026-06-23T19:09:28+02:00,quad9,9.9.9.9,ok,15.1
2026-06-23T19:09:28+02:00,google,8.8.8.8,ok,6.08
2026-06-23T19:09:30+02:00,gateway,10.30.0.1,ok,0.523
2026-06-23T19:09:30+02:00,quad9,9.9.9.9,ok,16.2
2026-06-23T19:09:30+02:00,google,8.8.8.8,ok,4.82
2026-06-23T19:09:32+02:00,gateway,10.30.0.1,ok,0.546
2026-06-23T19:09:32+02:00,quad9,9.9.9.9,ok,10.9
2026-06-23T19:09:32+02:00,google,8.8.8.8,ok,4.03
2026-06-23T19:09:34+02:00,gateway,10.30.0.1,ok,0.458
2026-06-23T19:09:34+02:00,quad9,9.9.9.9,ok,15.4
2026-06-23T19:09:34+02:00,google,8.8.8.8,ok,14.5
2026-06-23T19:09:36+02:00,gateway,10.30.0.1,ok,0.627
2026-06-23T19:09:36+02:00,quad9,9.9.9.9,ok,12.2
2026-06-23T19:09:36+02:00,google,8.8.8.8,ok,9.59
2026-06-23T19:09:39+02:00,gateway,10.30.0.1,ok,0.475
2026-06-23T19:09:39+02:00,quad9,9.9.9.9,ok,26.3
2026-06-23T19:09:39+02:00,google,8.8.8.8,ok,6.52
2026-06-23T19:09:41+02:00,gateway,10.30.0.1,ok,0.526
2026-06-23T19:09:41+02:00,quad9,9.9.9.9,ok,27.5
2026-06-23T19:09:41+02:00,google,8.8.8.8,ok,15.5
2026-06-23T19:09:43+02:00,gateway,10.30.0.1,ok,0.551
2026-06-23T19:09:43+02:00,quad9,9.9.9.9,ok,11.2
2026-06-23T19:09:43+02:00,google,8.8.8.8,ok,4.05
2026-06-23T19:09:45+02:00,gateway,10.30.0.1,ok,0.538
2026-06-23T19:09:45+02:00,quad9,9.9.9.9,ok,15.5
2026-06-23T19:09:45+02:00,google,8.8.8.8,ok,40.1
2026-06-23T19:09:47+02:00,gateway,10.30.0.1,ok,0.492
2026-06-23T19:09:47+02:00,quad9,9.9.9.9,ok,17.4
2026-06-23T19:09:47+02:00,google,8.8.8.8,ok,7.32
2026-06-23T19:09:49+02:00,gateway,10.30.0.1,ok,0.530
2026-06-23T19:09:49+02:00,quad9,9.9.9.9,ok,11.4
2026-06-23T19:09:49+02:00,google,8.8.8.8,ok,4.23
2026-06-23T19:09:51+02:00,gateway,10.30.0.1,ok,0.537
2026-06-23T19:09:51+02:00,quad9,9.9.9.9,ok,17.0
2026-06-23T19:09:51+02:00,google,8.8.8.8,ok,7.77
2026-06-23T19:09:53+02:00,gateway,10.30.0.1,ok,0.488
2026-06-23T19:09:53+02:00,quad9,9.9.9.9,ok,11.7
2026-06-23T19:09:53+02:00,google,8.8.8.8,ok,5.37
2026-06-23T19:09:55+02:00,gateway,10.30.0.1,ok,0.546
2026-06-23T19:09:55+02:00,quad9,9.9.9.9,ok,12.4
2026-06-23T19:09:55+02:00,google,8.8.8.8,ok,5.32
2026-06-23T19:09:57+02:00,gateway,10.30.0.1,ok,0.627
2026-06-23T19:09:57+02:00,quad9,9.9.9.9,ok,16.7
2026-06-23T19:09:57+02:00,google,8.8.8.8,ok,13.2
2026-06-23T19:09:59+02:00,gateway,10.30.0.1,ok,0.434
2026-06-23T19:09:59+02:00,quad9,9.9.9.9,ok,11.0
2026-06-23T19:09:59+02:00,google,8.8.8.8,ok,4.95
2026-06-23T19:10:01+02:00,gateway,10.30.0.1,ok,0.525
2026-06-23T19:10:01+02:00,quad9,9.9.9.9,ok,11.4
2026-06-23T19:10:01+02:00,google,8.8.8.8,ok,10.3
2026-06-23T19:10:03+02:00,gateway,10.30.0.1,ok,0.594
2026-06-23T19:10:03+02:00,quad9,9.9.9.9,ok,13.2
2026-06-23T19:10:03+02:00,google,8.8.8.8,ok,6.09
2026-06-23T19:10:05+02:00,gateway,10.30.0.1,ok,0.550
2026-06-23T19:10:05+02:00,quad9,9.9.9.9,ok,11.2
2026-06-23T19:10:05+02:00,google,8.8.8.8,ok,10.7
2026-06-23T19:10:07+02:00,gateway,10.30.0.1,ok,0.562
2026-06-23T19:10:07+02:00,quad9,9.9.9.9,ok,10.8
2026-06-23T19:10:07+02:00,google,8.8.8.8,ok,4.63
2026-06-23T19:10:10+02:00,gateway,10.30.0.1,ok,0.510
2026-06-23T19:10:10+02:00,quad9,9.9.9.9,ok,10.8
2026-06-23T19:10:10+02:00,google,8.8.8.8,ok,6.38
2026-06-23T19:10:12+02:00,gateway,10.30.0.1,ok,0.496
2026-06-23T19:10:12+02:00,quad9,9.9.9.9,ok,19.4
2026-06-23T19:10:12+02:00,google,8.8.8.8,ok,15.6
2026-06-23T19:10:14+02:00,gateway,10.30.0.1,ok,0.586
2026-06-23T19:10:14+02:00,quad9,9.9.9.9,ok,10.8
2026-06-23T19:10:14+02:00,google,8.8.8.8,ok,6.76
2026-06-23T19:10:16+02:00,gateway,10.30.0.1,ok,0.544
2026-06-23T19:10:16+02:00,quad9,9.9.9.9,ok,11.2
2026-06-23T19:10:16+02:00,google,8.8.8.8,ok,6.08
2026-06-23T19:10:18+02:00,gateway,10.30.0.1,ok,0.616
2026-06-23T19:10:18+02:00,quad9,9.9.9.9,ok,13.7
2026-06-23T19:10:18+02:00,google,8.8.8.8,ok,8.08
2026-06-23T19:10:20+02:00,gateway,10.30.0.1,ok,0.463
2026-06-23T19:10:20+02:00,quad9,9.9.9.9,ok,12.9
2026-06-23T19:10:20+02:00,google,8.8.8.8,ok,7.69
2026-06-23T19:10:22+02:00,gateway,10.30.0.1,ok,0.501
2026-06-23T19:10:22+02:00,quad9,9.9.9.9,ok,12.2
2026-06-23T19:10:22+02:00,google,8.8.8.8,ok,4.10
2026-06-23T19:10:24+02:00,gateway,10.30.0.1,ok,0.528
2026-06-23T19:10:24+02:00,quad9,9.9.9.9,ok,11.0
2026-06-23T19:10:24+02:00,google,8.8.8.8,ok,4.31
2026-06-23T19:10:26+02:00,gateway,10.30.0.1,ok,0.598
2026-06-23T19:10:26+02:00,quad9,9.9.9.9,ok,14.6
2026-06-23T19:10:26+02:00,google,8.8.8.8,ok,8.04
2026-06-23T19:10:28+02:00,gateway,10.30.0.1,ok,0.540
2026-06-23T19:10:28+02:00,quad9,9.9.9.9,ok,11.1
2026-06-23T19:10:28+02:00,google,8.8.8.8,ok,4.16
2026-06-23T19:10:30+02:00,gateway,10.30.0.1,ok,0.541
2026-06-23T19:10:30+02:00,quad9,9.9.9.9,ok,12.1
2026-06-23T19:10:30+02:00,google,8.8.8.8,ok,4.06
2026-06-23T19:10:32+02:00,gateway,10.30.0.1,ok,0.550
2026-06-23T19:10:32+02:00,quad9,9.9.9.9,ok,11.5
2026-06-23T19:10:32+02:00,google,8.8.8.8,ok,4.61
2026-06-23T19:10:34+02:00,gateway,10.30.0.1,ok,0.544
2026-06-23T19:10:34+02:00,quad9,9.9.9.9,ok,11.8
2026-06-23T19:10:34+02:00,google,8.8.8.8,ok,4.28
2026-06-23T19:10:36+02:00,gateway,10.30.0.1,ok,0.490
2026-06-23T19:10:36+02:00,quad9,9.9.9.9,ok,14.3
2026-06-23T19:10:36+02:00,google,8.8.8.8,ok,6.50
2026-06-23T19:10:38+02:00,gateway,10.30.0.1,ok,0.523
2026-06-23T19:10:38+02:00,quad9,9.9.9.9,ok,13.0
2026-06-23T19:10:38+02:00,google,8.8.8.8,ok,7.29
2026-06-23T19:10:41+02:00,gateway,10.30.0.1,ok,0.533
2026-06-23T19:10:41+02:00,quad9,9.9.9.9,ok,16.3
2026-06-23T19:10:41+02:00,google,8.8.8.8,ok,7.84
2026-06-23T19:10:43+02:00,gateway,10.30.0.1,ok,0.529
2026-06-23T19:10:43+02:00,quad9,9.9.9.9,ok,12.0
2026-06-23T19:10:43+02:00,google,8.8.8.8,ok,5.61
2026-06-23T19:10:45+02:00,gateway,10.30.0.1,ok,0.597
2026-06-23T19:10:45+02:00,quad9,9.9.9.9,ok,12.1
2026-06-23T19:10:45+02:00,google,8.8.8.8,ok,5.05
2026-06-23T19:10:47+02:00,gateway,10.30.0.1,ok,0.495
2026-06-23T19:10:47+02:00,quad9,9.9.9.9,ok,26.0
2026-06-23T19:10:47+02:00,google,8.8.8.8,ok,6.89
2026-06-23T19:10:49+02:00,gateway,10.30.0.1,ok,0.474
2026-06-23T19:10:49+02:00,quad9,9.9.9.9,ok,10.8
2026-06-23T19:10:49+02:00,google,8.8.8.8,ok,6.34
2026-06-23T19:10:51+02:00,gateway,10.30.0.1,ok,0.422
2026-06-23T19:10:51+02:00,quad9,9.9.9.9,ok,11.4
2026-06-23T19:10:51+02:00,google,8.8.8.8,ok,6.22
2026-06-23T19:10:53+02:00,gateway,10.30.0.1,ok,0.482
2026-06-23T19:10:53+02:00,quad9,9.9.9.9,ok,12.6
2026-06-23T19:10:53+02:00,google,8.8.8.8,ok,6.78
2026-06-23T19:10:55+02:00,gateway,10.30.0.1,ok,0.562
2026-06-23T19:10:55+02:00,quad9,9.9.9.9,ok,11.7
2026-06-23T19:10:55+02:00,google,8.8.8.8,ok,28.5
2026-06-23T19:10:57+02:00,gateway,10.30.0.1,ok,0.540
2026-06-23T19:10:57+02:00,quad9,9.9.9.9,ok,10.9
2026-06-23T19:10:57+02:00,google,8.8.8.8,ok,4.09
2026-06-23T19:10:59+02:00,gateway,10.30.0.1,ok,0.557
2026-06-23T19:10:59+02:00,quad9,9.9.9.9,ok,10.8
2026-06-23T19:10:59+02:00,google,8.8.8.8,ok,4.06
2026-06-23T19:11:01+02:00,gateway,10.30.0.1,ok,0.591
2026-06-23T19:11:01+02:00,quad9,9.9.9.9,ok,12.9
2026-06-23T19:11:01+02:00,google,8.8.8.8,ok,5.94
2026-06-23T19:11:03+02:00,gateway,10.30.0.1,ok,0.516
2026-06-23T19:11:03+02:00,quad9,9.9.9.9,ok,14.5
2026-06-23T19:11:03+02:00,google,8.8.8.8,ok,11.7
2026-06-23T19:11:05+02:00,gateway,10.30.0.1,ok,0.589
2026-06-23T19:11:05+02:00,quad9,9.9.9.9,ok,10.8
2026-06-23T19:11:05+02:00,google,8.8.8.8,ok,4.14
2026-06-23T19:11:07+02:00,gateway,10.30.0.1,ok,0.500
2026-06-23T19:11:07+02:00,quad9,9.9.9.9,ok,12.0
2026-06-23T19:11:07+02:00,google,8.8.8.8,ok,4.20
2026-06-23T19:11:10+02:00,gateway,10.30.0.1,ok,0.479
2026-06-23T19:11:10+02:00,quad9,9.9.9.9,ok,12.9
2026-06-23T19:11:10+02:00,google,8.8.8.8,ok,6.30
2026-06-23T19:11:12+02:00,gateway,10.30.0.1,ok,0.441
2026-06-23T19:11:12+02:00,quad9,9.9.9.9,ok,15.0
2026-06-23T19:11:12+02:00,google,8.8.8.8,ok,6.62
2026-06-23T19:11:14+02:00,gateway,10.30.0.1,ok,0.402
2026-06-23T19:11:14+02:00,quad9,9.9.9.9,ok,11.6
2026-06-23T19:11:14+02:00,google,8.8.8.8,ok,6.30
2026-06-23T19:11:16+02:00,gateway,10.30.0.1,ok,0.402
2026-06-23T19:11:16+02:00,quad9,9.9.9.9,ok,11.6
2026-06-23T19:11:16+02:00,google,8.8.8.8,ok,9.20
2026-06-23T19:11:18+02:00,gateway,10.30.0.1,ok,0.489
2026-06-23T19:11:18+02:00,quad9,9.9.9.9,ok,13.7
2026-06-23T19:11:18+02:00,google,8.8.8.8,ok,6.67
2026-06-23T19:11:20+02:00,gateway,10.30.0.1,ok,0.912
2026-06-23T19:11:20+02:00,quad9,9.9.9.9,ok,13.4
2026-06-23T19:11:20+02:00,google,8.8.8.8,ok,4.98
2026-06-23T19:11:22+02:00,gateway,10.30.0.1,ok,0.535
2026-06-23T19:11:22+02:00,quad9,9.9.9.9,ok,11.0
2026-06-23T19:11:22+02:00,google,8.8.8.8,ok,8.06
2026-06-23T19:11:24+02:00,gateway,10.30.0.1,ok,0.424
2026-06-23T19:11:24+02:00,quad9,9.9.9.9,ok,35.9
2026-06-23T19:11:24+02:00,google,8.8.8.8,ok,34.4
2026-06-23T19:11:26+02:00,gateway,10.30.0.1,ok,0.533
2026-06-23T19:11:26+02:00,quad9,9.9.9.9,ok,38.8
2026-06-23T19:11:26+02:00,google,8.8.8.8,ok,28.7
2026-06-23T19:11:28+02:00,gateway,10.30.0.1,ok,0.538
2026-06-23T19:11:28+02:00,quad9,9.9.9.9,ok,13.5
2026-06-23T19:11:28+02:00,google,8.8.8.8,ok,4.52
2026-06-23T19:11:30+02:00,gateway,10.30.0.1,ok,0.596
2026-06-23T19:11:30+02:00,quad9,9.9.9.9,ok,13.3
2026-06-23T19:11:30+02:00,google,8.8.8.8,ok,5.83
2026-06-23T19:11:32+02:00,gateway,10.30.0.1,ok,0.482
2026-06-23T19:11:32+02:00,quad9,9.9.9.9,ok,13.2
2026-06-23T19:11:32+02:00,google,8.8.8.8,ok,7.05
2026-06-23T19:11:34+02:00,gateway,10.30.0.1,ok,0.526
2026-06-23T19:11:34+02:00,quad9,9.9.9.9,ok,14.3
2026-06-23T19:11:34+02:00,google,8.8.8.8,ok,11.7
2026-06-23T19:11:37+02:00,gateway,10.30.0.1,ok,0.541
2026-06-23T19:11:37+02:00,quad9,9.9.9.9,ok,12.6
2026-06-23T19:11:37+02:00,google,8.8.8.8,ok,5.08
2026-06-23T19:11:39+02:00,gateway,10.30.0.1,ok,0.452
2026-06-23T19:11:39+02:00,quad9,9.9.9.9,ok,10.7
2026-06-23T19:11:39+02:00,google,8.8.8.8,ok,6.53
2026-06-23T19:11:41+02:00,gateway,10.30.0.1,ok,0.553
2026-06-23T19:11:41+02:00,quad9,9.9.9.9,ok,29.8
2026-06-23T19:11:41+02:00,google,8.8.8.8,ok,5.69
2026-06-23T19:11:43+02:00,gateway,10.30.0.1,ok,0.561
2026-06-23T19:11:43+02:00,quad9,9.9.9.9,ok,11.5
2026-06-23T19:11:43+02:00,google,8.8.8.8,ok,4.03
2026-06-23T19:11:45+02:00,gateway,10.30.0.1,ok,0.586
2026-06-23T19:11:45+02:00,quad9,9.9.9.9,ok,11.3
2026-06-23T19:11:45+02:00,google,8.8.8.8,ok,4.21
2026-06-23T19:11:47+02:00,gateway,10.30.0.1,ok,0.520
2026-06-23T19:11:47+02:00,quad9,9.9.9.9,ok,10.8
2026-06-23T19:11:47+02:00,google,8.8.8.8,ok,5.04
2026-06-23T19:11:49+02:00,gateway,10.30.0.1,ok,0.532
2026-06-23T19:11:49+02:00,quad9,9.9.9.9,ok,19.0
2026-06-23T19:11:49+02:00,google,8.8.8.8,ok,9.50
2026-06-23T19:11:51+02:00,gateway,10.30.0.1,ok,0.461
2026-06-23T19:11:51+02:00,quad9,9.9.9.9,ok,11.2
2026-06-23T19:11:51+02:00,google,8.8.8.8,ok,4.17
2026-06-23T19:11:53+02:00,gateway,10.30.0.1,ok,0.442
2026-06-23T19:11:53+02:00,quad9,9.9.9.9,ok,16.1
2026-06-23T19:11:53+02:00,google,8.8.8.8,ok,6.26
2026-06-23T19:11:55+02:00,gateway,10.30.0.1,ok,0.543
2026-06-23T19:11:55+02:00,quad9,9.9.9.9,ok,11.1
2026-06-23T19:11:55+02:00,google,8.8.8.8,ok,5.28
2026-06-23T19:11:57+02:00,gateway,10.30.0.1,ok,0.547
2026-06-23T19:11:57+02:00,quad9,9.9.9.9,ok,11.1
2026-06-23T19:11:57+02:00,google,8.8.8.8,ok,4.54
2026-06-23T19:11:59+02:00,gateway,10.30.0.1,ok,0.462
2026-06-23T19:11:59+02:00,quad9,9.9.9.9,ok,13.2
2026-06-23T19:11:59+02:00,google,8.8.8.8,ok,5.99
2026-06-23T19:12:01+02:00,gateway,10.30.0.1,ok,0.580
2026-06-23T19:12:01+02:00,quad9,9.9.9.9,ok,11.4
2026-06-23T19:12:01+02:00,google,8.8.8.8,ok,6.07
2026-06-23T19:12:03+02:00,gateway,10.30.0.1,ok,0.485
2026-06-23T19:12:03+02:00,quad9,9.9.9.9,ok,13.6
2026-06-23T19:12:03+02:00,google,8.8.8.8,ok,4.06
2026-06-23T19:12:05+02:00,gateway,10.30.0.1,ok,0.556
2026-06-23T19:12:05+02:00,quad9,9.9.9.9,ok,11.7
2026-06-23T19:12:05+02:00,google,8.8.8.8,ok,4.02
2026-06-23T19:12:07+02:00,gateway,10.30.0.1,ok,0.445
2026-06-23T19:12:07+02:00,quad9,9.9.9.9,ok,37.7
2026-06-23T19:12:07+02:00,google,8.8.8.8,ok,7.65
2026-06-23T19:12:10+02:00,gateway,10.30.0.1,ok,0.491
2026-06-23T19:12:10+02:00,quad9,9.9.9.9,ok,10.9
2026-06-23T19:12:10+02:00,google,8.8.8.8,ok,5.23
2026-06-23T19:12:12+02:00,gateway,10.30.0.1,ok,0.416
2026-06-23T19:12:12+02:00,quad9,9.9.9.9,ok,13.1
2026-06-23T19:12:12+02:00,google,8.8.8.8,ok,4.05
2026-06-23T19:12:14+02:00,gateway,10.30.0.1,ok,0.537
2026-06-23T19:12:14+02:00,quad9,9.9.9.9,ok,14.2
2026-06-23T19:12:14+02:00,google,8.8.8.8,ok,3.94
2026-06-23T19:12:16+02:00,gateway,10.30.0.1,ok,0.500
2026-06-23T19:12:16+02:00,quad9,9.9.9.9,ok,12.6
2026-06-23T19:12:16+02:00,google,8.8.8.8,ok,5.81
2026-06-23T19:12:18+02:00,gateway,10.30.0.1,ok,0.450
2026-06-23T19:12:18+02:00,quad9,9.9.9.9,ok,24.3
2026-06-23T19:12:18+02:00,google,8.8.8.8,ok,16.9
2026-06-23T19:12:20+02:00,gateway,10.30.0.1,ok,0.588
2026-06-23T19:12:20+02:00,quad9,9.9.9.9,ok,11.1
2026-06-23T19:12:20+02:00,google,8.8.8.8,ok,4.20
2026-06-23T19:12:22+02:00,gateway,10.30.0.1,ok,0.538
2026-06-23T19:12:22+02:00,quad9,9.9.9.9,ok,13.1
2026-06-23T19:12:22+02:00,google,8.8.8.8,ok,5.37
2026-06-23T19:12:24+02:00,gateway,10.30.0.1,ok,0.503
2026-06-23T19:12:24+02:00,quad9,9.9.9.9,ok,15.7
2026-06-23T19:12:24+02:00,google,8.8.8.8,ok,19.6
2026-06-23T19:12:26+02:00,gateway,10.30.0.1,ok,0.522
2026-06-23T19:12:26+02:00,quad9,9.9.9.9,ok,11.0
2026-06-23T19:12:26+02:00,google,8.8.8.8,ok,5.16
2026-06-23T19:12:28+02:00,gateway,10.30.0.1,ok,0.624
2026-06-23T19:12:28+02:00,quad9,9.9.9.9,ok,10.8
2026-06-23T19:12:28+02:00,google,8.8.8.8,ok,5.38
2026-06-23T19:12:30+02:00,gateway,10.30.0.1,ok,0.574
2026-06-23T19:12:30+02:00,quad9,9.9.9.9,ok,11.2
2026-06-23T19:12:30+02:00,google,8.8.8.8,ok,4.65
2026-06-23T19:12:32+02:00,gateway,10.30.0.1,ok,0.501
2026-06-23T19:12:32+02:00,quad9,9.9.9.9,ok,13.4
2026-06-23T19:12:32+02:00,google,8.8.8.8,ok,4.41
2026-06-23T19:12:34+02:00,gateway,10.30.0.1,ok,0.411
2026-06-23T19:12:34+02:00,quad9,9.9.9.9,ok,13.9
2026-06-23T19:12:34+02:00,google,8.8.8.8,ok,10.1
2026-06-23T19:12:36+02:00,gateway,10.30.0.1,ok,0.500
2026-06-23T19:12:36+02:00,quad9,9.9.9.9,ok,20.2
2026-06-23T19:12:36+02:00,google,8.8.8.8,ok,7.41
2026-06-23T19:12:38+02:00,gateway,10.30.0.1,ok,0.555
2026-06-23T19:12:38+02:00,quad9,9.9.9.9,ok,12.3
2026-06-23T19:12:38+02:00,google,8.8.8.8,ok,4.55
2026-06-23T19:12:40+02:00,gateway,10.30.0.1,ok,0.519
2026-06-23T19:12:40+02:00,quad9,9.9.9.9,ok,20.3
2026-06-23T19:12:40+02:00,google,8.8.8.8,ok,7.07
2026-06-23T19:12:43+02:00,gateway,10.30.0.1,ok,0.636
2026-06-23T19:12:43+02:00,quad9,9.9.9.9,ok,11.3
2026-06-23T19:12:43+02:00,google,8.8.8.8,ok,3.99
2026-06-23T19:12:45+02:00,gateway,10.30.0.1,ok,0.468
2026-06-23T19:12:45+02:00,quad9,9.9.9.9,ok,11.1
2026-06-23T19:12:45+02:00,google,8.8.8.8,ok,4.86
2026-06-23T19:12:47+02:00,gateway,10.30.0.1,ok,0.468
2026-06-23T19:12:47+02:00,quad9,9.9.9.9,ok,29.1
2026-06-23T19:12:47+02:00,google,8.8.8.8,ok,9.96
2026-06-23T19:12:49+02:00,gateway,10.30.0.1,ok,0.539
2026-06-23T19:12:49+02:00,quad9,9.9.9.9,ok,10.9
2026-06-23T19:12:49+02:00,google,8.8.8.8,ok,6.08
2026-06-23T19:12:51+02:00,gateway,10.30.0.1,ok,0.540
2026-06-23T19:12:51+02:00,quad9,9.9.9.9,ok,30.0
2026-06-23T19:12:51+02:00,google,8.8.8.8,ok,4.25
2026-06-23T19:12:53+02:00,gateway,10.30.0.1,ok,0.614
2026-06-23T19:12:53+02:00,quad9,9.9.9.9,ok,12.8
2026-06-23T19:12:53+02:00,google,8.8.8.8,ok,5.16
2026-06-23T19:12:55+02:00,gateway,10.30.0.1,ok,0.574
2026-06-23T19:12:55+02:00,quad9,9.9.9.9,ok,11.9
2026-06-23T19:12:55+02:00,google,8.8.8.8,ok,4.11
2026-06-23T19:12:57+02:00,gateway,10.30.0.1,ok,0.564
2026-06-23T19:12:57+02:00,quad9,9.9.9.9,ok,14.0
2026-06-23T19:12:57+02:00,google,8.8.8.8,ok,19.5
2026-06-23T19:12:59+02:00,gateway,10.30.0.1,ok,0.572
2026-06-23T19:12:59+02:00,quad9,9.9.9.9,ok,12.3
2026-06-23T19:12:59+02:00,google,8.8.8.8,ok,5.75
2026-06-23T19:13:01+02:00,gateway,10.30.0.1,ok,0.630
2026-06-23T19:13:01+02:00,quad9,9.9.9.9,ok,12.9
2026-06-23T19:13:01+02:00,google,8.8.8.8,ok,6.03
2026-06-23T19:13:03+02:00,gateway,10.30.0.1,ok,0.642
2026-06-23T19:13:03+02:00,quad9,9.9.9.9,ok,11.0
2026-06-23T19:13:03+02:00,google,8.8.8.8,ok,7.38
2026-06-23T19:13:05+02:00,gateway,10.30.0.1,ok,0.604
2026-06-23T19:13:05+02:00,quad9,9.9.9.9,ok,12.3
2026-06-23T19:13:05+02:00,google,8.8.8.8,ok,5.61
2026-06-23T19:13:07+02:00,gateway,10.30.0.1,ok,0.509
2026-06-23T19:13:07+02:00,quad9,9.9.9.9,ok,16.3
2026-06-23T19:13:07+02:00,google,8.8.8.8,ok,12.8
2026-06-23T19:13:09+02:00,gateway,10.30.0.1,ok,0.519
2026-06-23T19:13:09+02:00,quad9,9.9.9.9,ok,13.3
2026-06-23T19:13:09+02:00,google,8.8.8.8,ok,7.60
2026-06-23T19:13:11+02:00,gateway,10.30.0.1,ok,0.436
2026-06-23T19:13:11+02:00,quad9,9.9.9.9,ok,13.2
2026-06-23T19:13:11+02:00,google,8.8.8.8,ok,5.54
2026-06-23T19:13:14+02:00,gateway,10.30.0.1,ok,0.522
2026-06-23T19:13:14+02:00,quad9,9.9.9.9,ok,11.3
2026-06-23T19:13:14+02:00,google,8.8.8.8,ok,3.96
2026-06-23T19:13:16+02:00,gateway,10.30.0.1,ok,0.511
2026-06-23T19:13:16+02:00,quad9,9.9.9.9,ok,13.5
2026-06-23T19:13:16+02:00,google,8.8.8.8,ok,4.47
2026-06-23T19:13:18+02:00,gateway,10.30.0.1,ok,0.518
2026-06-23T19:13:18+02:00,quad9,9.9.9.9,ok,11.2
2026-06-23T19:13:18+02:00,google,8.8.8.8,ok,5.12
2026-06-23T19:13:20+02:00,gateway,10.30.0.1,ok,0.531
2026-06-23T19:13:20+02:00,quad9,9.9.9.9,ok,10.8
2026-06-23T19:13:20+02:00,google,8.8.8.8,ok,3.85
2026-06-23T19:13:22+02:00,gateway,10.30.0.1,ok,0.522
2026-06-23T19:13:22+02:00,quad9,9.9.9.9,ok,12.4
2026-06-23T19:13:22+02:00,google,8.8.8.8,ok,5.21
2026-06-23T19:13:24+02:00,gateway,10.30.0.1,ok,0.448
2026-06-23T19:13:24+02:00,quad9,9.9.9.9,ok,12.5
2026-06-23T19:13:24+02:00,google,8.8.8.8,ok,4.11
2026-06-23T19:13:26+02:00,gateway,10.30.0.1,ok,0.529
2026-06-23T19:13:26+02:00,quad9,9.9.9.9,ok,21.6
2026-06-23T19:13:26+02:00,google,8.8.8.8,ok,6.36
2026-06-23T19:13:28+02:00,gateway,10.30.0.1,ok,0.541
2026-06-23T19:13:28+02:00,quad9,9.9.9.9,ok,10.8
2026-06-23T19:13:28+02:00,google,8.8.8.8,ok,4.32
2026-06-23T19:13:30+02:00,gateway,10.30.0.1,ok,0.566
2026-06-23T19:13:30+02:00,quad9,9.9.9.9,ok,11.8
2026-06-23T19:13:30+02:00,google,8.8.8.8,ok,3.96
2026-06-23T19:13:32+02:00,gateway,10.30.0.1,ok,0.572
2026-06-23T19:13:32+02:00,quad9,9.9.9.9,ok,14.8
2026-06-23T19:13:32+02:00,google,8.8.8.8,ok,17.6
2026-06-23T19:13:34+02:00,gateway,10.30.0.1,ok,0.585
2026-06-23T19:13:34+02:00,quad9,9.9.9.9,ok,13.8
2026-06-23T19:13:34+02:00,google,8.8.8.8,ok,8.81
2026-06-23T19:13:36+02:00,gateway,10.30.0.1,ok,0.597
2026-06-23T19:13:36+02:00,quad9,9.9.9.9,ok,11.0
2026-06-23T19:13:36+02:00,google,8.8.8.8,ok,3.99
2026-06-23T19:13:38+02:00,gateway,10.30.0.1,ok,0.519
2026-06-23T19:13:38+02:00,quad9,9.9.9.9,ok,19.8
2026-06-23T19:13:38+02:00,google,8.8.8.8,ok,15.5
2026-06-23T19:13:40+02:00,gateway,10.30.0.1,ok,0.543
2026-06-23T19:13:40+02:00,quad9,9.9.9.9,ok,11.5
2026-06-23T19:13:40+02:00,google,8.8.8.8,ok,5.19
2026-06-23T19:13:42+02:00,gateway,10.30.0.1,ok,0.499
2026-06-23T19:13:42+02:00,quad9,9.9.9.9,ok,12.2
2026-06-23T19:13:42+02:00,google,8.8.8.8,ok,4.23
2026-06-23T19:13:44+02:00,gateway,10.30.0.1,ok,0.579
2026-06-23T19:13:44+02:00,quad9,9.9.9.9,ok,11.9
2026-06-23T19:13:44+02:00,google,8.8.8.8,ok,8.45
2026-06-23T19:13:47+02:00,gateway,10.30.0.1,ok,0.588
2026-06-23T19:13:47+02:00,quad9,9.9.9.9,ok,13.6
2026-06-23T19:13:47+02:00,google,8.8.8.8,ok,4.07
2026-06-23T19:13:49+02:00,gateway,10.30.0.1,ok,0.513
2026-06-23T19:13:49+02:00,quad9,9.9.9.9,ok,12.4
2026-06-23T19:13:49+02:00,google,8.8.8.8,ok,4.10
2026-06-23T19:13:51+02:00,gateway,10.30.0.1,ok,0.500
2026-06-23T19:13:51+02:00,quad9,9.9.9.9,ok,11.1
2026-06-23T19:13:51+02:00,google,8.8.8.8,ok,4.14
2026-06-23T19:13:53+02:00,gateway,10.30.0.1,ok,0.555
2026-06-23T19:13:53+02:00,quad9,9.9.9.9,ok,26.8
2026-06-23T19:13:53+02:00,google,8.8.8.8,ok,30.9
2026-06-23T19:13:55+02:00,gateway,10.30.0.1,ok,0.525
2026-06-23T19:13:55+02:00,quad9,9.9.9.9,ok,30.2
2026-06-23T19:13:55+02:00,google,8.8.8.8,ok,17.4
2026-06-23T19:13:57+02:00,gateway,10.30.0.1,ok,0.526
2026-06-23T19:13:57+02:00,quad9,9.9.9.9,ok,13.4
2026-06-23T19:13:57+02:00,google,8.8.8.8,ok,14.2
2026-06-23T19:13:59+02:00,gateway,10.30.0.1,ok,0.562
2026-06-23T19:13:59+02:00,quad9,9.9.9.9,ok,18.9
2026-06-23T19:13:59+02:00,google,8.8.8.8,ok,15.5
2026-06-23T19:14:01+02:00,gateway,10.30.0.1,ok,0.589
2026-06-23T19:14:01+02:00,quad9,9.9.9.9,ok,12.3
2026-06-23T19:14:01+02:00,google,8.8.8.8,ok,7.57
2026-06-23T19:14:03+02:00,gateway,10.30.0.1,ok,0.607
2026-06-23T19:14:03+02:00,quad9,9.9.9.9,ok,12.7
2026-06-23T19:14:03+02:00,google,8.8.8.8,ok,4.12
2026-06-23T19:14:05+02:00,gateway,10.30.0.1,ok,0.650
2026-06-23T19:14:05+02:00,quad9,9.9.9.9,ok,10.6
2026-06-23T19:14:05+02:00,google,8.8.8.8,ok,5.00
2026-06-23T19:14:07+02:00,gateway,10.30.0.1,ok,0.601
2026-06-23T19:14:07+02:00,quad9,9.9.9.9,ok,21.3
2026-06-23T19:14:07+02:00,google,8.8.8.8,ok,16.6
2026-06-23T19:14:09+02:00,gateway,10.30.0.1,ok,0.535
2026-06-23T19:14:09+02:00,quad9,9.9.9.9,ok,11.4
2026-06-23T19:14:09+02:00,google,8.8.8.8,ok,5.78
2026-06-23T19:14:11+02:00,gateway,10.30.0.1,ok,0.528
2026-06-23T19:14:11+02:00,quad9,9.9.9.9,ok,15.3
2026-06-23T19:14:11+02:00,google,8.8.8.8,ok,19.8
2026-06-23T19:14:14+02:00,gateway,10.30.0.1,ok,0.497
2026-06-23T19:14:14+02:00,quad9,9.9.9.9,ok,14.1
2026-06-23T19:14:14+02:00,google,8.8.8.8,ok,6.10
2026-06-23T19:14:16+02:00,gateway,10.30.0.1,ok,0.469
2026-06-23T19:14:16+02:00,quad9,9.9.9.9,ok,10.9
2026-06-23T19:14:16+02:00,google,8.8.8.8,ok,4.62
2026-06-23T19:14:18+02:00,gateway,10.30.0.1,ok,0.536
2026-06-23T19:14:18+02:00,quad9,9.9.9.9,ok,13.0
2026-06-23T19:14:18+02:00,google,8.8.8.8,ok,5.48
2026-06-23T19:14:20+02:00,gateway,10.30.0.1,ok,0.479
2026-06-23T19:14:20+02:00,quad9,9.9.9.9,ok,12.3
2026-06-23T19:14:20+02:00,google,8.8.8.8,ok,4.20
2026-06-23T19:14:22+02:00,gateway,10.30.0.1,ok,0.520
2026-06-23T19:14:22+02:00,quad9,9.9.9.9,ok,15.0
2026-06-23T19:14:22+02:00,google,8.8.8.8,ok,9.56
2026-06-23T19:14:24+02:00,gateway,10.30.0.1,ok,0.567
2026-06-23T19:14:24+02:00,quad9,9.9.9.9,ok,15.4
2026-06-23T19:14:24+02:00,google,8.8.8.8,ok,8.00
2026-06-23T19:14:26+02:00,gateway,10.30.0.1,ok,0.494
2026-06-23T19:14:26+02:00,quad9,9.9.9.9,ok,14.6
2026-06-23T19:14:26+02:00,google,8.8.8.8,ok,5.52
2026-06-23T19:14:28+02:00,gateway,10.30.0.1,ok,0.438
2026-06-23T19:14:28+02:00,quad9,9.9.9.9,ok,18.5
2026-06-23T19:14:28+02:00,google,8.8.8.8,ok,15.7
2026-06-23T19:14:30+02:00,gateway,10.30.0.1,ok,0.613
2026-06-23T19:14:30+02:00,quad9,9.9.9.9,ok,11.7
2026-06-23T19:14:30+02:00,google,8.8.8.8,ok,4.31
2026-06-23T19:14:32+02:00,gateway,10.30.0.1,ok,0.474
2026-06-23T19:14:32+02:00,quad9,9.9.9.9,ok,39.1
2026-06-23T19:14:32+02:00,google,8.8.8.8,ok,21.0
2026-06-23T19:14:34+02:00,gateway,10.30.0.1,ok,0.531
2026-06-23T19:14:34+02:00,quad9,9.9.9.9,ok,28.4
2026-06-23T19:14:34+02:00,google,8.8.8.8,ok,18.7
2026-06-23T19:14:36+02:00,gateway,10.30.0.1,ok,0.614
2026-06-23T19:14:36+02:00,quad9,9.9.9.9,ok,28.9
2026-06-23T19:14:36+02:00,google,8.8.8.8,ok,24.5
2026-06-23T19:14:38+02:00,gateway,10.30.0.1,ok,0.568
2026-06-23T19:14:38+02:00,quad9,9.9.9.9,ok,22.6
2026-06-23T19:14:38+02:00,google,8.8.8.8,ok,18.6
2026-06-23T19:14:40+02:00,gateway,10.30.0.1,ok,0.549
2026-06-23T19:14:40+02:00,quad9,9.9.9.9,ok,26.3
2026-06-23T19:14:40+02:00,google,8.8.8.8,ok,26.1
2026-06-23T19:14:43+02:00,gateway,10.30.0.1,ok,0.568
2026-06-23T19:14:43+02:00,quad9,9.9.9.9,ok,22.7
2026-06-23T19:14:43+02:00,google,8.8.8.8,ok,17.1
2026-06-23T19:14:45+02:00,gateway,10.30.0.1,ok,0.554
2026-06-23T19:14:45+02:00,quad9,9.9.9.9,ok,23.7
2026-06-23T19:14:45+02:00,google,8.8.8.8,ok,24.4
2026-06-23T19:14:47+02:00,gateway,10.30.0.1,ok,0.505
2026-06-23T19:14:47+02:00,quad9,9.9.9.9,ok,24.6
2026-06-23T19:14:47+02:00,google,8.8.8.8,ok,14.2
2026-06-23T19:14:49+02:00,gateway,10.30.0.1,ok,0.699
2026-06-23T19:14:49+02:00,quad9,9.9.9.9,ok,24.4
2026-06-23T19:14:49+02:00,google,8.8.8.8,ok,13.5
2026-06-23T19:14:51+02:00,gateway,10.30.0.1,ok,0.454
2026-06-23T19:14:51+02:00,quad9,9.9.9.9,ok,21.3
2026-06-23T19:14:51+02:00,google,8.8.8.8,ok,15.2
2026-06-23T19:14:53+02:00,gateway,10.30.0.1,ok,0.474
2026-06-23T19:14:53+02:00,quad9,9.9.9.9,ok,30.4
2026-06-23T19:14:53+02:00,google,8.8.8.8,ok,21.0
2026-06-23T19:14:55+02:00,gateway,10.30.0.1,ok,0.546
2026-06-23T19:14:55+02:00,quad9,9.9.9.9,ok,21.2
2026-06-23T19:14:55+02:00,google,8.8.8.8,ok,22.6
2026-06-23T19:14:57+02:00,gateway,10.30.0.1,ok,0.540
2026-06-23T19:14:57+02:00,quad9,9.9.9.9,ok,29.1
2026-06-23T19:14:57+02:00,google,8.8.8.8,ok,20.3
2026-06-23T19:14:59+02:00,gateway,10.30.0.1,ok,0.543
2026-06-23T19:14:59+02:00,quad9,9.9.9.9,ok,20.4
2026-06-23T19:14:59+02:00,google,8.8.8.8,ok,9.45
2026-06-23T19:15:01+02:00,gateway,10.30.0.1,ok,0.584
2026-06-23T19:15:01+02:00,quad9,9.9.9.9,ok,25.6
2026-06-23T19:15:01+02:00,google,8.8.8.8,ok,18.4
2026-06-23T19:15:03+02:00,gateway,10.30.0.1,ok,0.408
2026-06-23T19:15:03+02:00,quad9,9.9.9.9,ok,22.0
2026-06-23T19:15:03+02:00,google,8.8.8.8,ok,17.5
2026-06-23T19:15:06+02:00,gateway,10.30.0.1,ok,0.544
2026-06-23T19:15:06+02:00,quad9,9.9.9.9,ok,21.1
2026-06-23T19:15:06+02:00,google,8.8.8.8,ok,17.7
2026-06-23T19:15:08+02:00,gateway,10.30.0.1,ok,0.540
2026-06-23T19:15:08+02:00,quad9,9.9.9.9,ok,24.8
2026-06-23T19:15:08+02:00,google,8.8.8.8,ok,20.3
2026-06-23T19:15:10+02:00,gateway,10.30.0.1,ok,0.468
2026-06-23T19:15:10+02:00,quad9,9.9.9.9,ok,25.9
2026-06-23T19:15:10+02:00,google,8.8.8.8,ok,17.6
2026-06-23T19:15:12+02:00,gateway,10.30.0.1,ok,0.441
2026-06-23T19:15:12+02:00,quad9,9.9.9.9,ok,25.0
2026-06-23T19:15:12+02:00,google,8.8.8.8,ok,12.3
2026-06-23T19:15:14+02:00,gateway,10.30.0.1,ok,0.441
2026-06-23T19:15:14+02:00,quad9,9.9.9.9,ok,12.1
2026-06-23T19:15:14+02:00,google,8.8.8.8,ok,4.41
2026-06-23T19:15:16+02:00,gateway,10.30.0.1,ok,0.605
2026-06-23T19:15:16+02:00,quad9,9.9.9.9,ok,12.8
2026-06-23T19:15:16+02:00,google,8.8.8.8,ok,8.04
2026-06-23T19:15:18+02:00,gateway,10.30.0.1,ok,0.487
2026-06-23T19:15:18+02:00,quad9,9.9.9.9,ok,11.9
2026-06-23T19:15:18+02:00,google,8.8.8.8,ok,4.77
2026-06-23T19:15:20+02:00,gateway,10.30.0.1,ok,0.550
2026-06-23T19:15:20+02:00,quad9,9.9.9.9,ok,12.2
2026-06-23T19:15:20+02:00,google,8.8.8.8,ok,5.00
2026-06-23T19:15:22+02:00,gateway,10.30.0.1,ok,0.499
2026-06-23T19:15:22+02:00,quad9,9.9.9.9,ok,14.1
2026-06-23T19:15:22+02:00,google,8.8.8.8,ok,7.53
2026-06-23T19:15:24+02:00,gateway,10.30.0.1,ok,0.503
2026-06-23T19:15:24+02:00,quad9,9.9.9.9,ok,11.1
2026-06-23T19:15:24+02:00,google,8.8.8.8,ok,4.70
2026-06-23T19:15:26+02:00,gateway,10.30.0.1,ok,0.581
2026-06-23T19:15:26+02:00,quad9,9.9.9.9,ok,12.1
2026-06-23T19:15:26+02:00,google,8.8.8.8,ok,4.17
2026-06-23T19:15:28+02:00,gateway,10.30.0.1,ok,0.531
2026-06-23T19:15:28+02:00,quad9,9.9.9.9,ok,12.6
2026-06-23T19:15:28+02:00,google,8.8.8.8,ok,4.21
2026-06-23T19:15:30+02:00,gateway,10.30.0.1,ok,0.507
2026-06-23T19:15:30+02:00,quad9,9.9.9.9,ok,11.1
2026-06-23T19:15:30+02:00,google,8.8.8.8,ok,4.07
2026-06-23T19:15:33+02:00,gateway,10.30.0.1,ok,0.523
2026-06-23T19:15:33+02:00,quad9,9.9.9.9,ok,11.5
2026-06-23T19:15:33+02:00,google,8.8.8.8,ok,4.22
2026-06-23T19:15:35+02:00,gateway,10.30.0.1,ok,0.527
2026-06-23T19:15:35+02:00,quad9,9.9.9.9,ok,12.3
2026-06-23T19:15:35+02:00,google,8.8.8.8,ok,4.40
2026-06-23T19:15:37+02:00,gateway,10.30.0.1,ok,0.553
2026-06-23T19:15:37+02:00,quad9,9.9.9.9,ok,13.1
2026-06-23T19:15:37+02:00,google,8.8.8.8,ok,5.89
2026-06-23T19:15:39+02:00,gateway,10.30.0.1,ok,0.632
2026-06-23T19:15:39+02:00,quad9,9.9.9.9,ok,13.7
2026-06-23T19:15:39+02:00,google,8.8.8.8,ok,15.2
2026-06-23T19:15:41+02:00,gateway,10.30.0.1,ok,0.469
2026-06-23T19:15:41+02:00,quad9,9.9.9.9,ok,11.7
2026-06-23T19:15:41+02:00,google,8.8.8.8,ok,4.23
2026-06-23T19:15:43+02:00,gateway,10.30.0.1,ok,0.493
2026-06-23T19:15:43+02:00,quad9,9.9.9.9,ok,12.1
2026-06-23T19:15:43+02:00,google,8.8.8.8,ok,4.27
2026-06-23T19:15:45+02:00,gateway,10.30.0.1,ok,0.477
2026-06-23T19:15:45+02:00,quad9,9.9.9.9,ok,19.7
2026-06-23T19:15:45+02:00,google,8.8.8.8,ok,8.75
2026-06-23T19:15:47+02:00,gateway,10.30.0.1,ok,0.506
2026-06-23T19:15:47+02:00,quad9,9.9.9.9,ok,11.0
2026-06-23T19:15:47+02:00,google,8.8.8.8,ok,4.60
2026-06-23T19:15:49+02:00,gateway,10.30.0.1,ok,0.575
2026-06-23T19:15:49+02:00,quad9,9.9.9.9,ok,13.3
2026-06-23T19:15:49+02:00,google,8.8.8.8,ok,5.17
2026-06-23T19:15:51+02:00,gateway,10.30.0.1,ok,0.552
2026-06-23T19:15:51+02:00,quad9,9.9.9.9,ok,10.9
2026-06-23T19:15:51+02:00,google,8.8.8.8,ok,5.36
2026-06-23T19:15:53+02:00,gateway,10.30.0.1,ok,0.530
2026-06-23T19:15:53+02:00,quad9,9.9.9.9,ok,11.4
2026-06-23T19:15:53+02:00,google,8.8.8.8,ok,4.28
2026-06-23T19:15:55+02:00,gateway,10.30.0.1,ok,0.558
2026-06-23T19:15:55+02:00,quad9,9.9.9.9,ok,16.0
2026-06-23T19:15:55+02:00,google,8.8.8.8,ok,10.4
2026-06-23T19:15:57+02:00,gateway,10.30.0.1,ok,0.470
2026-06-23T19:15:57+02:00,quad9,9.9.9.9,ok,13.7
2026-06-23T19:15:57+02:00,google,8.8.8.8,ok,4.22
2026-06-23T19:15:59+02:00,gateway,10.30.0.1,ok,0.590
2026-06-23T19:15:59+02:00,quad9,9.9.9.9,ok,11.0
2026-06-23T19:15:59+02:00,google,8.8.8.8,ok,6.70
2026-06-23T19:16:01+02:00,gateway,10.30.0.1,ok,0.491
2026-06-23T19:16:01+02:00,quad9,9.9.9.9,ok,12.6
2026-06-23T19:16:01+02:00,google,8.8.8.8,ok,6.93
2026-06-23T19:16:04+02:00,gateway,10.30.0.1,ok,0.525
2026-06-23T19:16:04+02:00,quad9,9.9.9.9,ok,10.9
2026-06-23T19:16:04+02:00,google,8.8.8.8,ok,8.47
2026-06-23T19:16:06+02:00,gateway,10.30.0.1,ok,0.528
2026-06-23T19:16:06+02:00,quad9,9.9.9.9,ok,13.4
2026-06-23T19:16:06+02:00,google,8.8.8.8,ok,6.60
2026-06-23T19:16:08+02:00,gateway,10.30.0.1,ok,0.486
2026-06-23T19:16:08+02:00,quad9,9.9.9.9,ok,10.9
2026-06-23T19:16:08+02:00,google,8.8.8.8,ok,3.93
2026-06-23T19:16:10+02:00,gateway,10.30.0.1,ok,0.556
2026-06-23T19:16:10+02:00,quad9,9.9.9.9,ok,13.0
2026-06-23T19:16:10+02:00,google,8.8.8.8,ok,4.40
2026-06-23T19:16:12+02:00,gateway,10.30.0.1,ok,0.580
2026-06-23T19:16:12+02:00,quad9,9.9.9.9,ok,12.7
2026-06-23T19:16:12+02:00,google,8.8.8.8,ok,12.4
2026-06-23T19:16:14+02:00,gateway,10.30.0.1,ok,0.391
2026-06-23T19:16:14+02:00,quad9,9.9.9.9,ok,12.7
2026-06-23T19:16:14+02:00,google,8.8.8.8,ok,4.95
2026-06-23T19:16:16+02:00,gateway,10.30.0.1,ok,0.591
2026-06-23T19:16:16+02:00,quad9,9.9.9.9,ok,11.3
2026-06-23T19:16:16+02:00,google,8.8.8.8,ok,5.80
2026-06-23T19:16:18+02:00,gateway,10.30.0.1,ok,0.532
2026-06-23T19:16:18+02:00,quad9,9.9.9.9,ok,10.7
2026-06-23T19:16:18+02:00,google,8.8.8.8,ok,8.42
2026-06-23T19:16:20+02:00,gateway,10.30.0.1,ok,0.544
2026-06-23T19:16:20+02:00,quad9,9.9.9.9,ok,15.8
2026-06-23T19:16:20+02:00,google,8.8.8.8,ok,4.10
2026-06-23T19:16:22+02:00,gateway,10.30.0.1,ok,0.503
2026-06-23T19:16:22+02:00,quad9,9.9.9.9,ok,11.2
2026-06-23T19:16:22+02:00,google,8.8.8.8,ok,6.37
2026-06-23T19:16:24+02:00,gateway,10.30.0.1,ok,0.592
2026-06-23T19:16:24+02:00,quad9,9.9.9.9,ok,13.6
2026-06-23T19:16:24+02:00,google,8.8.8.8,ok,9.96
2026-06-23T19:16:26+02:00,gateway,10.30.0.1,ok,0.585
2026-06-23T19:16:26+02:00,quad9,9.9.9.9,ok,10.8
2026-06-23T19:16:26+02:00,google,8.8.8.8,ok,4.09
2026-06-23T19:16:28+02:00,gateway,10.30.0.1,ok,0.500
2026-06-23T19:16:28+02:00,quad9,9.9.9.9,ok,11.0
2026-06-23T19:16:28+02:00,google,8.8.8.8,ok,4.32
2026-06-23T19:16:30+02:00,gateway,10.30.0.1,ok,0.594
2026-06-23T19:16:30+02:00,quad9,9.9.9.9,ok,11.9
2026-06-23T19:16:30+02:00,google,8.8.8.8,ok,6.09
2026-06-23T19:16:32+02:00,gateway,10.30.0.1,ok,0.447
2026-06-23T19:16:32+02:00,quad9,9.9.9.9,ok,13.2
2026-06-23T19:16:32+02:00,google,8.8.8.8,ok,7.27
2026-06-23T19:16:35+02:00,gateway,10.30.0.1,ok,0.574
2026-06-23T19:16:35+02:00,quad9,9.9.9.9,ok,21.8
2026-06-23T19:16:35+02:00,google,8.8.8.8,ok,23.5
2026-06-23T19:16:37+02:00,gateway,10.30.0.1,ok,0.541
2026-06-23T19:16:37+02:00,quad9,9.9.9.9,ok,13.5
2026-06-23T19:16:37+02:00,google,8.8.8.8,ok,6.00
2026-06-23T19:16:39+02:00,gateway,10.30.0.1,ok,0.573
2026-06-23T19:16:39+02:00,quad9,9.9.9.9,ok,11.3
2026-06-23T19:16:39+02:00,google,8.8.8.8,ok,4.99
2026-06-23T19:16:41+02:00,gateway,10.30.0.1,ok,0.494
2026-06-23T19:16:41+02:00,quad9,9.9.9.9,ok,11.0
2026-06-23T19:16:41+02:00,google,8.8.8.8,ok,7.62
2026-06-23T19:16:43+02:00,gateway,10.30.0.1,ok,0.532
2026-06-23T19:16:43+02:00,quad9,9.9.9.9,ok,12.2
2026-06-23T19:16:43+02:00,google,8.8.8.8,ok,4.71
2026-06-23T19:16:45+02:00,gateway,10.30.0.1,ok,0.545
2026-06-23T19:16:45+02:00,quad9,9.9.9.9,ok,11.3
2026-06-23T19:16:45+02:00,google,8.8.8.8,ok,8.26
2026-06-23T19:16:47+02:00,gateway,10.30.0.1,ok,0.593
2026-06-23T19:16:47+02:00,quad9,9.9.9.9,ok,11.8
2026-06-23T19:16:47+02:00,google,8.8.8.8,ok,4.11
2026-06-23T19:16:49+02:00,gateway,10.30.0.1,ok,0.575
2026-06-23T19:16:49+02:00,quad9,9.9.9.9,ok,11.3
2026-06-23T19:16:49+02:00,google,8.8.8.8,ok,5.87
2026-06-23T19:16:51+02:00,gateway,10.30.0.1,ok,0.592
2026-06-23T19:16:51+02:00,quad9,9.9.9.9,ok,12.8
2026-06-23T19:16:51+02:00,google,8.8.8.8,ok,5.54
2026-06-23T19:16:53+02:00,gateway,10.30.0.1,ok,0.463
2026-06-23T19:16:53+02:00,quad9,9.9.9.9,ok,14.1
2026-06-23T19:16:53+02:00,google,8.8.8.8,ok,10.1
2026-06-23T19:16:55+02:00,gateway,10.30.0.1,ok,0.541
2026-06-23T19:16:55+02:00,quad9,9.9.9.9,ok,13.3
2026-06-23T19:16:55+02:00,google,8.8.8.8,ok,6.42
2026-06-23T19:16:57+02:00,gateway,10.30.0.1,ok,0.445
2026-06-23T19:16:57+02:00,quad9,9.9.9.9,ok,11.2
2026-06-23T19:16:57+02:00,google,8.8.8.8,ok,4.48
2026-06-23T19:16:59+02:00,gateway,10.30.0.1,ok,0.527
2026-06-23T19:16:59+02:00,quad9,9.9.9.9,ok,14.7
2026-06-23T19:16:59+02:00,google,8.8.8.8,ok,9.46
2026-06-23T19:17:01+02:00,gateway,10.30.0.1,ok,0.789
2026-06-23T19:17:01+02:00,quad9,9.9.9.9,ok,29.2
2026-06-23T19:17:01+02:00,google,8.8.8.8,ok,20.7
2026-06-23T19:17:04+02:00,gateway,10.30.0.1,ok,0.583
2026-06-23T19:17:04+02:00,quad9,9.9.9.9,ok,14.3
2026-06-23T19:17:04+02:00,google,8.8.8.8,ok,5.79
2026-06-23T19:17:06+02:00,gateway,10.30.0.1,ok,0.479
2026-06-23T19:17:06+02:00,quad9,9.9.9.9,ok,12.0
2026-06-23T19:17:06+02:00,google,8.8.8.8,ok,3.98
2026-06-23T19:17:08+02:00,gateway,10.30.0.1,ok,0.614
2026-06-23T19:17:08+02:00,quad9,9.9.9.9,ok,12.6
2026-06-23T19:17:08+02:00,google,8.8.8.8,ok,7.18
2026-06-23T19:17:10+02:00,gateway,10.30.0.1,ok,0.600
2026-06-23T19:17:10+02:00,quad9,9.9.9.9,ok,16.2
2026-06-23T19:17:10+02:00,google,8.8.8.8,ok,4.26
2026-06-23T19:17:12+02:00,gateway,10.30.0.1,ok,0.534
2026-06-23T19:17:12+02:00,quad9,9.9.9.9,ok,22.9
2026-06-23T19:17:12+02:00,google,8.8.8.8,ok,4.08
2026-06-23T19:17:14+02:00,gateway,10.30.0.1,ok,0.599
2026-06-23T19:17:14+02:00,quad9,9.9.9.9,ok,14.6
2026-06-23T19:17:14+02:00,google,8.8.8.8,ok,11.4
2026-06-23T19:17:16+02:00,gateway,10.30.0.1,ok,0.588
2026-06-23T19:17:16+02:00,quad9,9.9.9.9,ok,11.1
2026-06-23T19:17:16+02:00,google,8.8.8.8,ok,4.51
2026-06-23T19:17:18+02:00,gateway,10.30.0.1,ok,0.564
2026-06-23T19:17:18+02:00,quad9,9.9.9.9,ok,14.0
2026-06-23T19:17:18+02:00,google,8.8.8.8,ok,6.14
2026-06-23T19:17:20+02:00,gateway,10.30.0.1,ok,0.502
2026-06-23T19:17:20+02:00,quad9,9.9.9.9,ok,18.6
2026-06-23T19:17:20+02:00,google,8.8.8.8,ok,14.7
2026-06-23T19:17:22+02:00,gateway,10.30.0.1,ok,0.572
2026-06-23T19:17:22+02:00,quad9,9.9.9.9,ok,11.0
2026-06-23T19:17:22+02:00,google,8.8.8.8,ok,5.04
2026-06-23T19:17:24+02:00,gateway,10.30.0.1,ok,0.489
2026-06-23T19:17:24+02:00,quad9,9.9.9.9,ok,15.7
2026-06-23T19:17:24+02:00,google,8.8.8.8,ok,13.9
2026-06-23T19:17:26+02:00,gateway,10.30.0.1,ok,0.555
2026-06-23T19:17:26+02:00,quad9,9.9.9.9,ok,14.8
2026-06-23T19:17:26+02:00,google,8.8.8.8,ok,4.01
2026-06-23T19:17:28+02:00,gateway,10.30.0.1,ok,0.590
2026-06-23T19:17:28+02:00,quad9,9.9.9.9,ok,10.8
2026-06-23T19:17:28+02:00,google,8.8.8.8,ok,6.37
2026-06-23T19:17:31+02:00,gateway,10.30.0.1,ok,0.547
2026-06-23T19:17:31+02:00,quad9,9.9.9.9,ok,11.3
2026-06-23T19:17:31+02:00,google,8.8.8.8,ok,5.77
2026-06-23T19:17:33+02:00,gateway,10.30.0.1,ok,0.489
2026-06-23T19:17:33+02:00,quad9,9.9.9.9,ok,11.3
2026-06-23T19:17:33+02:00,google,8.8.8.8,ok,7.43
2026-06-23T19:17:35+02:00,gateway,10.30.0.1,ok,0.482
2026-06-23T19:17:35+02:00,quad9,9.9.9.9,ok,11.4
2026-06-23T19:17:35+02:00,google,8.8.8.8,ok,6.33
2026-06-23T19:17:37+02:00,gateway,10.30.0.1,ok,0.525
2026-06-23T19:17:37+02:00,quad9,9.9.9.9,ok,11.4
2026-06-23T19:17:37+02:00,google,8.8.8.8,ok,6.01
2026-06-23T19:17:39+02:00,gateway,10.30.0.1,ok,0.498
2026-06-23T19:17:39+02:00,quad9,9.9.9.9,ok,11.1
2026-06-23T19:17:39+02:00,google,8.8.8.8,ok,4.26
2026-06-23T19:17:41+02:00,gateway,10.30.0.1,ok,0.590
2026-06-23T19:17:41+02:00,quad9,9.9.9.9,ok,11.0
2026-06-23T19:17:41+02:00,google,8.8.8.8,ok,4.51
2026-06-23T19:17:43+02:00,gateway,10.30.0.1,ok,0.497
2026-06-23T19:17:43+02:00,quad9,9.9.9.9,ok,14.3
2026-06-23T19:17:43+02:00,google,8.8.8.8,ok,4.18
2026-06-23T19:17:45+02:00,gateway,10.30.0.1,ok,0.588
2026-06-23T19:17:45+02:00,quad9,9.9.9.9,ok,17.0
2026-06-23T19:17:45+02:00,google,8.8.8.8,ok,9.84
2026-06-23T19:17:47+02:00,gateway,10.30.0.1,ok,0.528
2026-06-23T19:17:47+02:00,quad9,9.9.9.9,ok,12.3
2026-06-23T19:17:47+02:00,google,8.8.8.8,ok,5.59
2026-06-23T19:17:49+02:00,gateway,10.30.0.1,ok,0.533
2026-06-23T19:17:49+02:00,quad9,9.9.9.9,ok,12.8
2026-06-23T19:17:49+02:00,google,8.8.8.8,ok,4.44
2026-06-23T19:17:51+02:00,gateway,10.30.0.1,ok,0.562
2026-06-23T19:17:51+02:00,quad9,9.9.9.9,ok,21.5
2026-06-23T19:17:51+02:00,google,8.8.8.8,ok,10.1
2026-06-23T19:17:53+02:00,gateway,10.30.0.1,ok,0.513
2026-06-23T19:17:53+02:00,quad9,9.9.9.9,ok,11.1
2026-06-23T19:17:53+02:00,google,8.8.8.8,ok,6.37
2026-06-23T19:17:55+02:00,gateway,10.30.0.1,ok,0.599
2026-06-23T19:17:55+02:00,quad9,9.9.9.9,ok,11.6
2026-06-23T19:17:55+02:00,google,8.8.8.8,ok,4.11
2026-06-23T19:17:58+02:00,gateway,10.30.0.1,ok,0.636
2026-06-23T19:17:58+02:00,quad9,9.9.9.9,ok,13.0
2026-06-23T19:17:58+02:00,google,8.8.8.8,ok,4.31
2026-06-23T19:18:00+02:00,gateway,10.30.0.1,ok,0.557
2026-06-23T19:18:00+02:00,quad9,9.9.9.9,ok,11.1
2026-06-23T19:18:00+02:00,google,8.8.8.8,ok,4.11
2026-06-23T19:18:02+02:00,gateway,10.30.0.1,ok,0.486
2026-06-23T19:18:02+02:00,quad9,9.9.9.9,ok,13.4
2026-06-23T19:18:02+02:00,google,8.8.8.8,ok,6.81
2026-06-23T19:18:04+02:00,gateway,10.30.0.1,ok,0.553
2026-06-23T19:18:04+02:00,quad9,9.9.9.9,ok,12.7
2026-06-23T19:18:04+02:00,google,8.8.8.8,ok,5.69
2026-06-23T19:18:06+02:00,gateway,10.30.0.1,ok,0.519
2026-06-23T19:18:06+02:00,quad9,9.9.9.9,ok,11.1
2026-06-23T19:18:06+02:00,google,8.8.8.8,ok,6.23
2026-06-23T19:18:08+02:00,gateway,10.30.0.1,ok,0.618
2026-06-23T19:18:08+02:00,quad9,9.9.9.9,ok,18.1
2026-06-23T19:18:08+02:00,google,8.8.8.8,ok,10.1
2026-06-23T19:18:10+02:00,gateway,10.30.0.1,ok,0.617
2026-06-23T19:18:10+02:00,quad9,9.9.9.9,ok,20.0
2026-06-23T19:18:10+02:00,google,8.8.8.8,ok,8.22
2026-06-23T19:18:12+02:00,gateway,10.30.0.1,ok,0.586
2026-06-23T19:18:12+02:00,quad9,9.9.9.9,ok,13.3
2026-06-23T19:18:12+02:00,google,8.8.8.8,ok,4.29
2026-06-23T19:18:14+02:00,gateway,10.30.0.1,ok,0.602
2026-06-23T19:18:14+02:00,quad9,9.9.9.9,ok,11.9
2026-06-23T19:18:14+02:00,google,8.8.8.8,ok,4.31
2026-06-23T19:18:16+02:00,gateway,10.30.0.1,ok,0.590
2026-06-23T19:18:16+02:00,quad9,9.9.9.9,ok,21.8
2026-06-23T19:18:16+02:00,google,8.8.8.8,ok,6.29
2026-06-23T19:18:18+02:00,gateway,10.30.0.1,ok,0.545
2026-06-23T19:18:18+02:00,quad9,9.9.9.9,ok,14.0
2026-06-23T19:18:18+02:00,google,8.8.8.8,ok,5.86
2026-06-23T19:18:20+02:00,gateway,10.30.0.1,ok,0.551
2026-06-23T19:18:20+02:00,quad9,9.9.9.9,ok,15.1
2026-06-23T19:18:20+02:00,google,8.8.8.8,ok,4.12
2026-06-23T19:18:22+02:00,gateway,10.30.0.1,ok,0.562
2026-06-23T19:18:22+02:00,quad9,9.9.9.9,ok,13.0
2026-06-23T19:18:22+02:00,google,8.8.8.8,ok,4.24
2026-06-23T19:18:25+02:00,gateway,10.30.0.1,ok,0.594
2026-06-23T19:18:25+02:00,quad9,9.9.9.9,ok,14.2
2026-06-23T19:18:25+02:00,google,8.8.8.8,ok,6.65
2026-06-23T19:18:27+02:00,gateway,10.30.0.1,ok,0.528
2026-06-23T19:18:27+02:00,quad9,9.9.9.9,ok,11.3
2026-06-23T19:18:27+02:00,google,8.8.8.8,ok,10.6
2026-06-23T19:18:29+02:00,gateway,10.30.0.1,ok,0.485
2026-06-23T19:18:29+02:00,quad9,9.9.9.9,ok,12.4
2026-06-23T19:18:29+02:00,google,8.8.8.8,ok,4.20
2026-06-23T19:18:31+02:00,gateway,10.30.0.1,ok,0.565
2026-06-23T19:18:31+02:00,quad9,9.9.9.9,ok,13.9
2026-06-23T19:18:31+02:00,google,8.8.8.8,ok,5.48
2026-06-23T19:18:33+02:00,gateway,10.30.0.1,ok,0.563
2026-06-23T19:18:33+02:00,quad9,9.9.9.9,ok,13.2
2026-06-23T19:18:33+02:00,google,8.8.8.8,ok,4.12
2026-06-23T19:18:35+02:00,gateway,10.30.0.1,ok,0.563
2026-06-23T19:18:35+02:00,quad9,9.9.9.9,ok,11.1
2026-06-23T19:18:35+02:00,google,8.8.8.8,ok,4.08
2026-06-23T19:18:37+02:00,gateway,10.30.0.1,ok,0.551
2026-06-23T19:18:37+02:00,quad9,9.9.9.9,ok,13.2
2026-06-23T19:18:37+02:00,google,8.8.8.8,ok,4.23
2026-06-23T19:18:39+02:00,gateway,10.30.0.1,ok,0.489
2026-06-23T19:18:39+02:00,quad9,9.9.9.9,ok,15.1
2026-06-23T19:18:39+02:00,google,8.8.8.8,ok,4.24
2026-06-23T19:18:41+02:00,gateway,10.30.0.1,ok,0.519
2026-06-23T19:18:41+02:00,quad9,9.9.9.9,ok,11.2
2026-06-23T19:18:41+02:00,google,8.8.8.8,ok,4.21
2026-06-23T19:18:43+02:00,gateway,10.30.0.1,ok,0.557
2026-06-23T19:18:43+02:00,quad9,9.9.9.9,ok,20.2
2026-06-23T19:18:43+02:00,google,8.8.8.8,ok,15.1
2026-06-23T19:18:45+02:00,gateway,10.30.0.1,ok,0.547
2026-06-23T19:18:45+02:00,quad9,9.9.9.9,ok,11.3
2026-06-23T19:18:45+02:00,google,8.8.8.8,ok,4.98
2026-06-23T19:18:47+02:00,gateway,10.30.0.1,ok,0.599
2026-06-23T19:18:47+02:00,quad9,9.9.9.9,ok,11.3
2026-06-23T19:18:47+02:00,google,8.8.8.8,ok,5.36
2026-06-23T19:18:50+02:00,gateway,10.30.0.1,ok,0.543
2026-06-23T19:18:50+02:00,quad9,9.9.9.9,LOSS,
2026-06-23T19:18:50+02:00,google,8.8.8.8,ok,4.79
2026-06-23T19:18:54+02:00,gateway,10.30.0.1,ok,0.577
2026-06-23T19:18:54+02:00,quad9,9.9.9.9,ok,11.3
2026-06-23T19:18:54+02:00,google,8.8.8.8,ok,4.42
2026-06-23T19:18:56+02:00,gateway,10.30.0.1,ok,0.537
2026-06-23T19:18:56+02:00,quad9,9.9.9.9,ok,10.8
2026-06-23T19:18:56+02:00,google,8.8.8.8,ok,4.17
2026-06-23T19:18:58+02:00,gateway,10.30.0.1,ok,0.608
2026-06-23T19:18:58+02:00,quad9,9.9.9.9,ok,11.1
2026-06-23T19:18:58+02:00,google,8.8.8.8,ok,4.11
2026-06-23T19:19:00+02:00,gateway,10.30.0.1,ok,0.566
2026-06-23T19:19:00+02:00,quad9,9.9.9.9,ok,12.2
2026-06-23T19:19:00+02:00,google,8.8.8.8,ok,6.23
2026-06-23T19:19:02+02:00,gateway,10.30.0.1,ok,0.549
2026-06-23T19:19:02+02:00,quad9,9.9.9.9,ok,16.8
2026-06-23T19:19:02+02:00,google,8.8.8.8,ok,45.7
2026-06-23T19:19:04+02:00,gateway,10.30.0.1,ok,0.567
2026-06-23T19:19:04+02:00,quad9,9.9.9.9,ok,12.3
2026-06-23T19:19:04+02:00,google,8.8.8.8,ok,4.64
2026-06-23T19:19:06+02:00,gateway,10.30.0.1,ok,0.596
2026-06-23T19:19:06+02:00,quad9,9.9.9.9,ok,11.2
2026-06-23T19:19:06+02:00,google,8.8.8.8,ok,7.35
2026-06-23T19:19:08+02:00,gateway,10.30.0.1,ok,0.352
2026-06-23T19:19:08+02:00,quad9,9.9.9.9,ok,29.8
2026-06-23T19:19:08+02:00,google,8.8.8.8,ok,7.66
2026-06-23T19:19:10+02:00,gateway,10.30.0.1,ok,0.614
2026-06-23T19:19:10+02:00,quad9,9.9.9.9,ok,11.5
2026-06-23T19:19:10+02:00,google,8.8.8.8,ok,5.75
2026-06-23T19:19:12+02:00,gateway,10.30.0.1,ok,0.644
2026-06-23T19:19:12+02:00,quad9,9.9.9.9,ok,16.1
2026-06-23T19:19:12+02:00,google,8.8.8.8,ok,8.97
2026-06-23T19:19:14+02:00,gateway,10.30.0.1,ok,0.604
2026-06-23T19:19:14+02:00,quad9,9.9.9.9,ok,14.1
2026-06-23T19:19:14+02:00,google,8.8.8.8,ok,8.06
2026-06-23T19:19:16+02:00,gateway,10.30.0.1,ok,0.538
2026-06-23T19:19:16+02:00,quad9,9.9.9.9,ok,11.0
2026-06-23T19:19:16+02:00,google,8.8.8.8,ok,8.82
2026-06-23T19:19:19+02:00,gateway,10.30.0.1,ok,0.582
2026-06-23T19:19:19+02:00,quad9,9.9.9.9,ok,12.5
2026-06-23T19:19:19+02:00,google,8.8.8.8,ok,8.29
2026-06-23T19:19:21+02:00,gateway,10.30.0.1,ok,0.572
2026-06-23T19:19:21+02:00,quad9,9.9.9.9,ok,11.4
2026-06-23T19:19:21+02:00,google,8.8.8.8,ok,4.25
2026-06-23T19:19:23+02:00,gateway,10.30.0.1,ok,0.640
2026-06-23T19:19:23+02:00,quad9,9.9.9.9,ok,12.0
2026-06-23T19:19:23+02:00,google,8.8.8.8,ok,4.20
2026-06-23T19:19:25+02:00,gateway,10.30.0.1,ok,0.608
2026-06-23T19:19:25+02:00,quad9,9.9.9.9,ok,22.2
2026-06-23T19:19:25+02:00,google,8.8.8.8,ok,14.6
2026-06-23T19:19:27+02:00,gateway,10.30.0.1,ok,0.550
2026-06-23T19:19:27+02:00,quad9,9.9.9.9,ok,10.9
2026-06-23T19:19:27+02:00,google,8.8.8.8,ok,5.24
2026-06-23T19:19:29+02:00,gateway,10.30.0.1,ok,0.540
2026-06-23T19:19:29+02:00,quad9,9.9.9.9,ok,11.1
2026-06-23T19:19:29+02:00,google,8.8.8.8,ok,4.32
2026-06-23T19:19:31+02:00,gateway,10.30.0.1,ok,0.577
2026-06-23T19:19:31+02:00,quad9,9.9.9.9,ok,12.9
2026-06-23T19:19:31+02:00,google,8.8.8.8,ok,4.38
2026-06-23T19:19:33+02:00,gateway,10.30.0.1,ok,0.432
2026-06-23T19:19:33+02:00,quad9,9.9.9.9,ok,12.3
2026-06-23T19:19:33+02:00,google,8.8.8.8,ok,6.24
2026-06-23T19:19:35+02:00,gateway,10.30.0.1,ok,0.533
2026-06-23T19:19:35+02:00,quad9,9.9.9.9,ok,13.5
2026-06-23T19:19:35+02:00,google,8.8.8.8,ok,4.29
2026-06-23T19:19:37+02:00,gateway,10.30.0.1,ok,0.573
2026-06-23T19:19:37+02:00,quad9,9.9.9.9,ok,11.0
2026-06-23T19:19:37+02:00,google,8.8.8.8,ok,3.97
2026-06-23T19:19:39+02:00,gateway,10.30.0.1,ok,0.520
2026-06-23T19:19:39+02:00,quad9,9.9.9.9,ok,11.0
2026-06-23T19:19:39+02:00,google,8.8.8.8,ok,4.74
2026-06-23T19:19:41+02:00,gateway,10.30.0.1,ok,0.561
2026-06-23T19:19:41+02:00,quad9,9.9.9.9,ok,12.0
2026-06-23T19:19:41+02:00,google,8.8.8.8,ok,6.99
2026-06-23T19:19:43+02:00,gateway,10.30.0.1,ok,0.565
2026-06-23T19:19:43+02:00,quad9,9.9.9.9,ok,13.9
2026-06-23T19:19:43+02:00,google,8.8.8.8,ok,6.10
2026-06-23T19:19:46+02:00,gateway,10.30.0.1,ok,0.547
2026-06-23T19:19:46+02:00,quad9,9.9.9.9,ok,11.7
2026-06-23T19:19:46+02:00,google,8.8.8.8,ok,6.65
2026-06-23T19:19:48+02:00,gateway,10.30.0.1,ok,0.615
2026-06-23T19:19:48+02:00,quad9,9.9.9.9,ok,11.5
2026-06-23T19:19:48+02:00,google,8.8.8.8,ok,4.11
2026-06-23T19:19:50+02:00,gateway,10.30.0.1,ok,0.574
2026-06-23T19:19:50+02:00,quad9,9.9.9.9,ok,15.2
2026-06-23T19:19:50+02:00,google,8.8.8.8,ok,5.61
2026-06-23T19:19:52+02:00,gateway,10.30.0.1,ok,0.569
2026-06-23T19:19:52+02:00,quad9,9.9.9.9,ok,18.5
2026-06-23T19:19:52+02:00,google,8.8.8.8,ok,5.15
2026-06-23T19:19:54+02:00,gateway,10.30.0.1,ok,0.547
2026-06-23T19:19:54+02:00,quad9,9.9.9.9,ok,11.8
2026-06-23T19:19:54+02:00,google,8.8.8.8,ok,7.70
2026-06-23T19:19:56+02:00,gateway,10.30.0.1,ok,0.563
2026-06-23T19:19:56+02:00,quad9,9.9.9.9,ok,12.3
2026-06-23T19:19:56+02:00,google,8.8.8.8,ok,4.27
2026-06-23T19:19:58+02:00,gateway,10.30.0.1,ok,0.573
2026-06-23T19:19:58+02:00,quad9,9.9.9.9,ok,16.1
2026-06-23T19:19:58+02:00,google,8.8.8.8,ok,26.1
2026-06-23T19:20:00+02:00,gateway,10.30.0.1,ok,0.541
2026-06-23T19:20:00+02:00,quad9,9.9.9.9,ok,11.2
2026-06-23T19:20:00+02:00,google,8.8.8.8,ok,7.79
2026-06-23T19:20:02+02:00,gateway,10.30.0.1,ok,0.584
2026-06-23T19:20:02+02:00,quad9,9.9.9.9,ok,16.5
2026-06-23T19:20:02+02:00,google,8.8.8.8,ok,6.12
