timestamp,dns_ms,tcp_ms,tls_ms,http_code,status
2026-06-16T17:00:45+02:00,4.6,1.8,39.1,204,ok
2026-06-16T17:01:16+02:00,2.4,1.8,45.0,204,ok
2026-06-16T17:01:47+02:00,1.8,1.6,39.2,204,ok
2026-06-16T17:02:17+02:00,1.2,1.5,40.9,204,ok
2026-06-16T17:02:48+02:00,1.8,1.8,41.3,204,ok
2026-06-16T17:03:19+02:00,4.8,2.2,48.8,204,ok
2026-06-16T17:03:49+02:00,1.1,1.9,40.0,204,ok
2026-06-16T17:04:20+02:00,1.1,1.9,39.8,204,ok
2026-06-16T17:04:51+02:00,2.7,2.0,45.0,204,ok
2026-06-16T17:05:22+02:00,1.0,2.2,39.7,204,ok
2026-06-16T17:05:52+02:00,1.2,1.3,39.3,204,ok
2026-06-16T17:06:23+02:00,2.6,1.6,48.3,204,ok
2026-06-16T17:06:54+02:00,1.1,1.2,39.1,204,ok
2026-06-16T17:07:25+02:00,1.8,1.5,39.3,204,ok
2026-06-16T17:07:55+02:00,6.4,2.1,48.1,204,ok
2026-06-16T17:08:26+02:00,1.1,1.6,46.1,204,ok
2026-06-16T17:08:57+02:00,1.1,1.4,39.9,204,ok
2026-06-16T17:09:27+02:00,2.6,1.4,64.8,204,ok
2026-06-16T17:09:58+02:00,2.1,1.8,44.7,204,ok
2026-06-16T17:10:29+02:00,1.6,1.8,40.7,204,ok
2026-06-16T17:11:00+02:00,1.1,1.3,39.1,204,ok
2026-06-16T17:11:31+02:00,2.9,1.8,50.2,204,ok
2026-06-16T17:12:01+02:00,4.2,1.7,39.4,204,ok
2026-06-16T17:12:32+02:00,1.8,1.8,41.8,204,ok
2026-06-16T17:13:03+02:00,4.6,1.5,43.9,204,ok
2026-06-16T17:13:33+02:00,1.2,2.3,43.3,204,ok
2026-06-16T17:14:04+02:00,1.0,1.7,39.6,204,ok
2026-06-16T17:14:35+02:00,2.6,2.3,42.5,204,ok
2026-06-16T17:15:06+02:00,1.1,2.1,39.4,204,ok
2026-06-16T17:15:36+02:00,1.1,1.3,39.7,204,ok
2026-06-16T17:16:07+02:00,1.9,1.8,41.2,204,ok
2026-06-16T17:16:38+02:00,1.8,1.2,40.7,204,ok
2026-06-16T17:17:09+02:00,1.0,1.5,39.6,204,ok
2026-06-16T17:17:39+02:00,4.6,2.3,40.1,204,ok
2026-06-16T17:18:10+02:00,2.6,1.7,63.3,204,ok
2026-06-16T17:18:41+02:00,1.0,1.3,39.0,204,ok
2026-06-16T17:19:12+02:00,1.8,1.7,40.2,204,ok
2026-06-16T17:19:42+02:00,19.7,305.3,58.8,204,ok
2026-06-16T17:20:14+02:00,3.5,1.7,46.1,204,ok
2026-06-16T17:20:44+02:00,1.3,1.3,40.8,204,ok
2026-06-16T17:21:15+02:00,1.8,1.8,41.2,204,ok
2026-06-16T17:21:46+02:00,1.1,1.6,45.2,204,ok
2026-06-16T17:22:17+02:00,,,,000,FAIL
2026-06-16T17:22:57+02:00,,,,000,FAIL
2026-06-16T17:23:38+02:00,,,,000,FAIL
2026-06-16T17:24:19+02:00,,,,000,FAIL
2026-06-16T17:25:00+02:00,,,,000,FAIL
2026-06-16T17:25:40+02:00,,,,000,FAIL
2026-06-16T17:26:21+02:00,,,,000,FAIL
2026-06-16T17:27:02+02:00,,,,000,FAIL
2026-06-16T17:27:43+02:00,,,,000,FAIL
2026-06-16T17:28:24+02:00,,,,000,FAIL
2026-06-16T17:29:04+02:00,,,,000,FAIL
2026-06-16T17:29:45+02:00,,,,000,FAIL
2026-06-16T17:30:26+02:00,,,,000,FAIL
2026-06-16T17:31:06+02:00,,,,000,FAIL
2026-06-16T17:31:47+02:00,,,,000,FAIL
2026-06-16T17:32:28+02:00,,,,000,FAIL
2026-06-16T17:33:09+02:00,,,,000,FAIL
2026-06-16T17:33:49+02:00,,,,000,FAIL
2026-06-16T17:34:30+02:00,,,,000,FAIL
2026-06-16T17:35:11+02:00,,,,000,FAIL
2026-06-16T17:35:51+02:00,,,,000,FAIL
2026-06-16T17:36:32+02:00,,,,000,FAIL
2026-06-16T17:37:13+02:00,,,,000,FAIL
2026-06-16T17:37:53+02:00,,,,000,FAIL
2026-06-16T17:38:34+02:00,,,,000,FAIL
2026-06-16T17:39:15+02:00,,,,000,FAIL
2026-06-16T17:39:55+02:00,,,,000,FAIL
2026-06-16T17:40:36+02:00,,,,000,FAIL
2026-06-16T17:41:17+02:00,,,,000,FAIL
2026-06-16T17:41:58+02:00,,,,000,FAIL
2026-06-16T17:42:38+02:00,,,,000,FAIL
2026-06-16T17:43:19+02:00,,,,000,FAIL
2026-06-16T17:44:00+02:00,,,,000,FAIL
2026-06-16T17:44:41+02:00,,,,000,FAIL
2026-06-16T17:45:21+02:00,,,,000,FAIL
2026-06-16T17:46:02+02:00,,,,000,FAIL
2026-06-16T17:46:43+02:00,,,,000,FAIL
2026-06-16T17:47:23+02:00,,,,000,FAIL
2026-06-16T17:48:04+02:00,,,,000,FAIL
2026-06-16T17:48:45+02:00,,,,000,FAIL
2026-06-16T17:49:26+02:00,,,,000,FAIL
2026-06-16T17:50:07+02:00,,,,000,FAIL
2026-06-16T17:50:47+02:00,,,,000,FAIL
2026-06-16T17:51:28+02:00,,,,000,FAIL
2026-06-16T17:52:09+02:00,,,,000,FAIL
2026-06-16T17:52:50+02:00,,,,000,FAIL
2026-06-16T17:53:31+02:00,,,,000,FAIL
2026-06-16T17:54:11+02:00,,,,000,FAIL
2026-06-16T17:54:52+02:00,,,,000,FAIL
2026-06-16T17:55:33+02:00,,,,000,FAIL
2026-06-16T17:56:14+02:00,,,,000,FAIL
2026-06-16T17:56:55+02:00,,,,000,FAIL
2026-06-16T17:57:35+02:00,,,,000,FAIL
2026-06-16T17:58:16+02:00,,,,000,FAIL
2026-06-16T17:58:57+02:00,,,,000,FAIL
2026-06-16T17:59:38+02:00,,,,000,FAIL
2026-06-16T18:00:18+02:00,,,,000,FAIL
2026-06-16T18:01:07+02:00,,,,000,FAIL
2026-06-16T18:01:48+02:00,,,,000,FAIL
2026-06-16T18:02:28+02:00,,,,000,FAIL
2026-06-16T18:03:09+02:00,,,,000,FAIL
2026-06-16T18:03:50+02:00,,,,000,FAIL
2026-06-16T18:04:31+02:00,,,,000,FAIL
2026-06-16T18:05:11+02:00,,,,000,FAIL
2026-06-16T18:05:52+02:00,,,,000,FAIL
2026-06-16T18:06:33+02:00,,,,000,FAIL
2026-06-16T18:07:14+02:00,,,,000,FAIL
2026-06-16T18:07:54+02:00,,,,000,FAIL
2026-06-16T18:08:35+02:00,,,,000,FAIL
2026-06-16T18:09:16+02:00,,,,000,FAIL
2026-06-16T18:09:57+02:00,,,,000,FAIL
2026-06-16T18:10:37+02:00,,,,000,FAIL
2026-06-16T18:11:18+02:00,,,,000,FAIL
2026-06-16T18:11:59+02:00,,,,000,FAIL
2026-06-16T18:12:39+02:00,,,,000,FAIL
2026-06-16T18:13:20+02:00,,,,000,FAIL
2026-06-16T18:14:01+02:00,,,,000,FAIL
2026-06-16T18:14:42+02:00,,,,000,FAIL
2026-06-16T18:15:23+02:00,,,,000,FAIL
2026-06-16T18:16:03+02:00,,,,000,FAIL
2026-06-16T18:16:44+02:00,,,,000,FAIL
2026-06-16T18:17:25+02:00,,,,000,FAIL
2026-06-16T18:18:06+02:00,,,,000,FAIL
2026-06-16T18:18:46+02:00,,,,000,FAIL
2026-06-16T18:19:27+02:00,,,,000,FAIL
2026-06-16T18:20:08+02:00,,,,000,FAIL
2026-06-16T18:20:48+02:00,,,,000,FAIL
2026-06-16T18:21:29+02:00,,,,000,FAIL
2026-06-16T18:22:10+02:00,,,,000,FAIL
2026-06-16T18:22:51+02:00,,,,000,FAIL
2026-06-16T18:23:32+02:00,,,,000,FAIL
2026-06-16T18:24:12+02:00,,,,000,FAIL
2026-06-16T18:24:53+02:00,,,,000,FAIL
2026-06-16T18:25:34+02:00,,,,000,FAIL
2026-06-16T18:26:15+02:00,,,,000,FAIL
2026-06-16T18:26:55+02:00,,,,000,FAIL
2026-06-16T18:27:35+02:00,,,,000,FAIL
2026-06-16T18:28:15+02:00,,,,000,FAIL
2026-06-16T18:28:56+02:00,,,,000,FAIL
2026-06-16T18:29:37+02:00,,,,000,FAIL
2026-06-16T18:30:17+02:00,,,,000,FAIL
2026-06-16T18:30:58+02:00,,,,000,FAIL
2026-06-16T18:31:39+02:00,,,,000,FAIL
2026-06-16T18:32:20+02:00,,,,000,FAIL
2026-06-16T18:33:00+02:00,,,,000,FAIL
2026-06-16T18:33:41+02:00,,,,000,FAIL
2026-06-16T18:34:22+02:00,,,,000,FAIL
2026-06-16T18:35:03+02:00,,,,000,FAIL
2026-06-16T18:35:43+02:00,,,,000,FAIL
2026-06-16T18:36:24+02:00,,,,000,FAIL
2026-06-16T18:37:05+02:00,,,,000,FAIL
2026-06-16T18:37:46+02:00,,,,000,FAIL
2026-06-16T18:38:26+02:00,,,,000,FAIL
2026-06-16T18:39:07+02:00,,,,000,FAIL
2026-06-16T18:39:48+02:00,,,,000,FAIL
2026-06-16T18:40:29+02:00,,,,000,FAIL
2026-06-16T18:41:09+02:00,,,,000,FAIL
2026-06-16T18:41:50+02:00,,,,000,FAIL
2026-06-16T18:42:31+02:00,,,,000,FAIL
2026-06-16T18:43:12+02:00,,,,000,FAIL
2026-06-16T18:43:52+02:00,,,,000,FAIL
2026-06-16T18:44:33+02:00,,,,000,FAIL
2026-06-16T18:45:14+02:00,,,,000,FAIL
2026-06-16T18:45:55+02:00,,,,000,FAIL
2026-06-16T18:46:35+02:00,,,,000,FAIL
2026-06-16T18:47:16+02:00,,,,000,FAIL
2026-06-16T18:47:57+02:00,,,,000,FAIL
2026-06-16T18:48:38+02:00,,,,000,FAIL
2026-06-16T18:49:18+02:00,,,,000,FAIL
2026-06-16T18:49:59+02:00,,,,000,FAIL
2026-06-16T18:50:40+02:00,,,,000,FAIL
2026-06-16T18:51:21+02:00,,,,000,FAIL
2026-06-16T18:52:01+02:00,,,,000,FAIL
2026-06-16T18:52:42+02:00,,,,000,FAIL
2026-06-16T18:53:23+02:00,,,,000,FAIL
2026-06-16T18:54:04+02:00,,,,000,FAIL
2026-06-16T18:54:45+02:00,,,,000,FAIL
2026-06-16T18:55:25+02:00,,,,000,FAIL
2026-06-16T18:56:06+02:00,,,,000,FAIL
2026-06-16T18:56:47+02:00,,,,000,FAIL
2026-06-16T18:57:27+02:00,,,,000,FAIL
2026-06-16T18:58:08+02:00,,,,000,FAIL
2026-06-16T18:58:49+02:00,,,,000,FAIL
2026-06-16T18:59:30+02:00,,,,000,FAIL
2026-06-16T19:00:10+02:00,,,,000,FAIL
2026-06-16T21:45:56+02:00,,,,000,FAIL
2026-06-16T21:46:27+02:00,28.2,17.4,63.3,204,ok
2026-06-16T21:46:58+02:00,4.0,13.1,62.4,204,ok
2026-06-16T21:47:30+02:00,2.4,14.1,47.9,204,ok
2026-06-16T21:48:00+02:00,4.5,15.7,57.0,204,ok
2026-06-16T21:48:31+02:00,5.0,16.1,59.2,204,ok
2026-06-16T21:49:01+02:00,4.3,13.9,59.9,204,ok
2026-06-16T21:49:32+02:00,3.9,13.7,57.5,204,ok
2026-06-16T21:50:02+02:00,28.8,15.2,65.3,204,ok
2026-06-16T21:50:34+02:00,28.7,14.3,59.2,204,ok
2026-06-16T21:51:05+02:00,3.7,13.9,58.2,204,ok
2026-06-16T21:51:35+02:00,9.5,13.1,54.5,204,ok
2026-06-16T21:52:06+02:00,2.7,14.6,54.0,204,ok
2026-06-16T21:52:36+02:00,4.9,15.0,62.1,204,ok
2026-06-16T21:53:07+02:00,5.0,15.5,61.0,204,ok
2026-06-16T21:53:39+02:00,4.8,15.0,60.3,204,ok
2026-06-16T21:54:09+02:00,5.0,17.8,62.9,204,ok
2026-06-16T21:54:40+02:00,30.8,14.5,59.0,204,ok
2026-06-16T21:55:10+02:00,27.6,13.1,55.6,204,ok
2026-06-16T21:55:41+02:00,4.9,13.8,60.2,204,ok
2026-06-16T21:56:13+02:00,5.3,14.8,57.3,204,ok
2026-06-16T21:56:43+02:00,25.9,14.2,64.3,204,ok
2026-06-16T21:57:14+02:00,4.7,13.1,50.5,204,ok
2026-06-16T21:57:51+02:00,3.1,9220.8,52.6,204,ok
2026-06-16T21:58:30+02:00,4.7,16.8,57.6,204,ok
2026-06-16T21:59:01+02:00,4.8,13.7,50.0,204,ok
2026-06-16T21:59:31+02:00,4.0,15.0,52.9,204,ok
2026-06-16T22:00:02+02:00,25.3,16.8,54.7,204,ok
2026-06-16T22:00:33+02:00,4.8,17.0,58.0,204,ok
2026-06-16T22:01:04+02:00,4.8,13.2,64.5,204,ok
2026-06-16T22:01:35+02:00,29.0,15.0,57.2,204,ok
2026-06-16T22:02:07+02:00,5.0,17.0,54.1,204,ok
2026-06-16T22:02:38+02:00,4.9,16.4,61.0,204,ok
2026-06-16T22:03:08+02:00,5.0,20.7,61.7,204,ok
2026-06-16T22:03:39+02:00,4.8,18.4,59.0,204,ok
2026-06-16T22:04:11+02:00,2.3,14.0,48.2,204,ok
2026-06-16T22:04:41+02:00,27.4,21.3,63.7,204,ok
2026-06-16T22:05:13+02:00,12.7,16.9,62.4,204,ok
2026-06-16T22:05:44+02:00,4.1,14.7,53.5,204,ok
2026-06-16T22:06:14+02:00,4.8,18.8,58.4,204,ok
2026-06-16T22:06:44+02:00,5.0,18.8,61.3,204,ok
2026-06-16T22:07:15+02:00,5.0,14.9,64.4,204,ok
2026-06-16T22:07:47+02:00,4.7,14.1,62.7,204,ok
2026-06-16T22:08:17+02:00,2.6,13.3,52.8,204,ok
2026-06-16T22:08:48+02:00,3.8,16.4,55.2,204,ok
2026-06-16T22:09:18+02:00,4.9,18.2,58.3,204,ok
2026-06-16T22:09:48+02:00,28.1,18.8,55.9,204,ok
2026-06-16T22:10:19+02:00,24.9,18.6,59.9,204,ok
2026-06-16T22:10:49+02:00,3.2,20.6,57.3,204,ok
2026-06-16T22:11:21+02:00,3.9,14.2,54.5,204,ok
2026-06-16T22:11:52+02:00,4.5,14.9,59.0,204,ok
2026-06-16T22:12:22+02:00,4.8,15.5,65.2,204,ok
2026-06-16T22:12:53+02:00,5.2,14.9,56.4,204,ok
2026-06-16T22:13:25+02:00,4.8,14.4,50.8,204,ok
2026-06-16T22:13:55+02:00,4.9,15.7,59.5,204,ok
2026-06-16T22:14:26+02:00,4.8,13.0,59.6,204,ok
2026-06-16T22:14:56+02:00,26.5,18.5,58.5,204,ok
2026-06-16T22:15:27+02:00,27.7,13.1,59.1,204,ok
2026-06-16T22:15:57+02:00,26.8,13.2,59.5,204,ok
2026-06-16T22:16:29+02:00,74.4,24.3,65.4,204,ok
2026-06-16T22:17:00+02:00,3.6,14.7,51.7,204,ok
2026-06-16T22:17:32+02:00,4.8,14.9,60.1,204,ok
2026-06-16T22:18:02+02:00,4.9,16.4,64.1,204,ok
2026-06-16T22:18:33+02:00,3.2,13.8,49.5,204,ok
2026-06-16T22:19:03+02:00,5.0,14.7,59.7,204,ok
2026-06-16T22:19:34+02:00,4.2,14.3,54.2,204,ok
2026-06-16T22:20:04+02:00,28.6,13.2,62.0,204,ok
2026-06-16T22:20:35+02:00,27.3,14.8,57.3,204,ok
2026-06-16T22:21:07+02:00,3.6,13.6,57.1,204,ok
2026-06-16T22:21:37+02:00,9.6,14.2,61.7,204,ok
2026-06-16T22:22:08+02:00,2.0,12.9,48.6,204,ok
2026-06-16T22:22:38+02:00,3.3,14.4,61.3,204,ok
2026-06-16T22:23:09+02:00,2.1,16.2,55.8,204,ok
2026-06-16T22:23:41+02:00,3.3,15.5,52.1,204,ok
2026-06-16T22:24:11+02:00,2.4,15.2,51.4,204,ok
2026-06-16T22:24:42+02:00,27.4,18.7,61.4,204,ok
2026-06-16T22:25:12+02:00,26.3,14.7,62.4,204,ok
2026-06-16T22:25:43+02:00,25.6,15.4,58.5,204,ok
2026-06-16T22:26:13+02:00,3.3,13.0,63.2,204,ok
2026-06-16T22:26:45+02:00,3.2,15.3,59.3,204,ok
2026-06-16T22:27:16+02:00,3.3,15.9,56.7,204,ok
2026-06-16T22:27:46+02:00,1.7,14.9,49.2,204,ok
2026-06-16T22:28:17+02:00,3.4,15.8,63.4,204,ok
2026-06-16T22:28:47+02:00,2.4,14.5,52.6,204,ok
2026-06-16T22:29:18+02:00,3.3,14.7,59.5,204,ok
2026-06-16T22:29:48+02:00,3.2,14.6,55.2,204,ok
2026-06-16T22:30:18+02:00,24.5,13.9,54.9,204,ok
2026-06-16T22:30:49+02:00,24.9,14.7,79.9,204,ok
2026-06-16T22:31:19+02:00,3.3,13.8,61.0,204,ok
2026-06-16T22:31:51+02:00,3.2,16.6,51.4,204,ok
2026-06-16T22:32:22+02:00,3.4,15.7,57.5,204,ok
2026-06-16T22:32:52+02:00,2.0,12.6,54.2,204,ok
2026-06-16T22:33:23+02:00,3.4,13.3,52.0,204,ok
2026-06-16T22:33:53+02:00,3.2,17.6,56.5,204,ok
2026-06-16T22:34:24+02:00,3.3,14.9,55.1,204,ok
2026-06-16T22:34:54+02:00,32.1,13.0,58.2,204,ok
2026-06-16T22:35:25+02:00,3.1,12.0,58.6,204,ok
2026-06-16T22:35:57+02:00,2.7,12.9,56.8,204,ok
2026-06-16T22:36:27+02:00,25.4,14.9,54.1,204,ok
2026-06-16T22:36:58+02:00,3.0,17.3,55.9,204,ok
2026-06-16T22:37:28+02:00,2.9,13.5,52.3,204,ok
2026-06-16T22:37:59+02:00,3.1,14.7,56.4,204,ok
2026-06-16T22:38:31+02:00,3.0,12.5,52.6,204,ok
2026-06-16T22:39:01+02:00,3.3,13.1,61.0,204,ok
2026-06-16T22:39:32+02:00,26.0,13.9,64.5,204,ok
2026-06-16T22:40:02+02:00,25.3,12.9,54.9,204,ok
2026-06-16T22:40:33+02:00,3.2,14.7,59.8,204,ok
2026-06-16T22:41:03+02:00,4.0,10.1,49.0,204,ok
2026-06-16T22:41:34+02:00,5.0,8.4,53.1,204,ok
2026-06-16T22:42:05+02:00,1.4,9.6,43.5,204,ok
2026-06-16T22:42:35+02:00,3.2,12.9,54.6,204,ok
2026-06-16T22:43:06+02:00,3.3,11.2,61.2,204,ok
2026-06-16T22:43:37+02:00,3.1,11.5,59.1,204,ok
2026-06-16T22:44:09+02:00,3.3,11.7,62.9,204,ok
2026-06-16T22:44:40+02:00,19.9,10.6,55.7,204,ok
2026-06-16T22:45:10+02:00,20.6,10.5,62.3,204,ok
2026-06-16T22:45:41+02:00,3.1,11.0,56.5,204,ok
2026-06-16T22:46:12+02:00,2.6,8.7,49.3,204,ok
2026-06-16T22:46:43+02:00,2.7,11.4,53.7,204,ok
2026-06-16T22:47:14+02:00,2.6,11.2,57.5,204,ok
2026-06-16T22:47:46+02:00,2.9,15.1,50.1,204,ok
2026-06-16T22:48:17+02:00,2.9,12.1,54.9,204,ok
2026-06-16T22:48:48+02:00,1.6,9.0,49.7,204,ok
2026-06-16T22:49:20+02:00,22.1,10.7,62.9,204,ok
2026-06-16T22:49:51+02:00,20.2,13.9,57.0,204,ok
2026-06-16T22:50:21+02:00,3.4,8.0,63.8,204,ok
2026-06-16T22:50:52+02:00,1.9,10.1,53.2,204,ok
2026-06-16T22:51:23+02:00,21.2,11.0,55.0,204,ok
2026-06-16T22:51:53+02:00,2.8,11.4,48.0,204,ok
2026-06-16T22:52:24+02:00,3.1,12.3,58.4,204,ok
2026-06-16T22:52:55+02:00,3.3,11.3,51.1,204,ok
2026-06-16T22:53:25+02:00,2.5,10.2,51.4,204,ok
2026-06-16T22:53:56+02:00,2.8,9.4,47.2,204,ok
2026-06-16T22:54:27+02:00,21.8,11.7,57.2,204,ok
2026-06-16T22:54:57+02:00,2.8,10.2,52.0,204,ok
2026-06-16T22:55:28+02:00,22.1,10.9,54.0,204,ok
2026-06-16T22:55:59+02:00,1.3,8.8,41.8,204,ok
2026-06-16T22:56:29+02:00,21.6,10.2,60.9,204,ok
2026-06-16T22:57:00+02:00,2.5,9.6,48.0,204,ok
2026-06-16T22:57:31+02:00,1.6,9.9,46.6,204,ok
2026-06-16T22:58:01+02:00,3.2,9.8,62.0,204,ok
2026-06-16T22:58:32+02:00,2.8,9.8,52.2,204,ok
2026-06-16T22:59:03+02:00,1.9,10.0,46.3,204,ok
2026-06-16T22:59:33+02:00,1.5,10.9,41.3,204,ok
2026-06-16T23:00:04+02:00,22.0,11.1,53.9,204,ok
2026-06-16T23:00:35+02:00,21.7,9.4,61.2,204,ok
2026-06-16T23:01:05+02:00,20.4,14.9,57.0,204,ok
2026-06-16T23:01:36+02:00,2.9,9.3,52.1,204,ok
2026-06-16T23:02:07+02:00,3.4,10.0,59.1,204,ok
2026-06-16T23:02:37+02:00,2.7,10.7,49.6,204,ok
2026-06-16T23:03:08+02:00,3.4,11.5,61.1,204,ok
2026-06-16T23:03:39+02:00,2.4,9.8,49.5,204,ok
2026-06-16T23:04:11+02:00,2.1,11.6,49.2,204,ok
2026-06-16T23:04:42+02:00,3.3,11.4,63.5,204,ok
2026-06-16T23:05:12+02:00,2.3,10.7,47.1,204,ok
2026-06-16T23:05:43+02:00,21.2,10.6,59.8,204,ok
2026-06-16T23:06:14+02:00,20.7,9.3,61.6,204,ok
2026-06-16T23:06:44+02:00,3.4,11.6,57.4,204,ok
2026-06-16T23:07:15+02:00,3.2,13.4,58.6,204,ok
2026-06-16T23:07:46+02:00,3.4,9.0,59.7,204,ok
2026-06-16T23:08:16+02:00,3.2,11.2,58.0,204,ok
2026-06-16T23:08:47+02:00,3.3,10.6,53.1,204,ok
2026-06-16T23:09:18+02:00,2.4,11.0,48.7,204,ok
2026-06-16T23:09:50+02:00,20.4,10.5,56.4,204,ok
2026-06-16T23:10:21+02:00,21.5,9.6,57.7,204,ok
2026-06-16T23:10:53+02:00,3.2,11.1,63.7,204,ok
2026-06-16T23:11:24+02:00,21.0,11.7,54.2,204,ok
2026-06-16T23:11:55+02:00,2.3,9.8,44.6,204,ok
2026-06-16T23:12:25+02:00,3.5,10.6,55.7,204,ok
2026-06-16T23:12:56+02:00,2.4,10.1,52.0,204,ok
2026-06-16T23:13:27+02:00,2.8,11.2,51.4,204,ok
2026-06-16T23:13:57+02:00,3.2,10.3,52.0,204,ok
2026-06-16T23:14:28+02:00,3.3,10.9,61.6,204,ok
2026-06-16T23:14:59+02:00,2.7,14.5,52.7,204,ok
2026-06-16T23:15:29+02:00,18.4,9.4,52.3,204,ok
2026-06-16T23:16:00+02:00,21.4,10.5,63.0,204,ok
2026-06-16T23:16:31+02:00,2.3,10.3,53.3,204,ok
2026-06-16T23:17:03+02:00,3.2,9.7,55.3,204,ok
2026-06-16T23:17:34+02:00,1.6,9.3,46.4,204,ok
2026-06-16T23:18:06+02:00,2.8,9.3,48.3,204,ok
2026-06-16T23:18:37+02:00,2.2,9.3,48.9,204,ok
2026-06-16T23:19:08+02:00,22.8,11.4,58.2,204,ok
2026-06-16T23:19:38+02:00,2.9,10.8,52.3,204,ok
2026-06-16T23:20:09+02:00,21.9,9.6,62.6,204,ok
2026-06-16T23:20:40+02:00,2.6,9.9,58.8,204,ok
2026-06-16T23:21:10+02:00,20.9,10.2,57.8,204,ok
2026-06-16T23:21:41+02:00,1.1,9.9,56.8,204,ok
2026-06-16T23:22:12+02:00,3.3,13.7,56.2,204,ok
2026-06-16T23:22:44+02:00,2.4,9.4,47.3,204,ok
2026-06-16T23:23:15+02:00,3.1,9.6,55.5,204,ok
2026-06-16T23:23:47+02:00,3.3,10.4,60.9,204,ok
2026-06-16T23:24:18+02:00,22.6,14.0,62.3,204,ok
2026-06-16T23:24:49+02:00,3.4,9.6,64.1,204,ok
2026-06-16T23:25:19+02:00,22.3,9.9,67.6,204,ok
2026-06-16T23:25:50+02:00,3.2,10.4,62.1,204,ok
2026-06-16T23:26:21+02:00,22.0,11.2,63.4,204,ok
2026-06-16T23:26:51+02:00,2.8,10.7,55.6,204,ok
2026-06-16T23:27:22+02:00,3.0,10.5,55.7,204,ok
2026-06-16T23:27:53+02:00,3.4,13.9,56.2,204,ok
2026-06-16T23:28:25+02:00,2.7,10.4,52.9,204,ok
2026-06-16T23:28:56+02:00,2.1,13.7,54.7,204,ok
2026-06-16T23:29:28+02:00,22.8,11.3,56.8,204,ok
2026-06-16T23:29:59+02:00,5.0,9.2,53.7,204,ok
2026-06-16T23:30:31+02:00,3.2,10.2,60.2,204,ok
2026-06-16T23:31:02+02:00,19.1,10.0,61.5,204,ok
2026-06-16T23:31:33+02:00,2.3,10.5,51.8,204,ok
2026-06-16T23:32:03+02:00,3.3,10.3,55.3,204,ok
2026-06-16T23:32:34+02:00,2.1,10.4,50.9,204,ok
2026-06-16T23:33:05+02:00,1.9,9.6,47.1,204,ok
2026-06-16T23:33:37+02:00,3.2,9.6,58.6,204,ok
2026-06-16T23:34:08+02:00,22.7,10.9,56.8,204,ok
2026-06-16T23:34:40+02:00,20.9,8.9,58.9,204,ok
2026-06-16T23:35:11+02:00,3.5,9.4,55.5,204,ok
2026-06-16T23:35:42+02:00,3.2,11.2,58.4,204,ok
2026-06-16T23:36:12+02:00,20.8,12.4,63.1,204,ok
2026-06-16T23:36:43+02:00,2.9,13.9,56.2,204,ok
2026-06-16T23:37:14+02:00,3.2,11.0,66.1,204,ok
2026-06-16T23:37:44+02:00,2.7,9.6,49.7,204,ok
2026-06-16T23:38:15+02:00,3.4,10.0,56.3,204,ok
2026-06-16T23:38:46+02:00,1.8,10.8,55.0,204,ok
2026-06-16T23:39:18+02:00,20.3,10.4,62.6,204,ok
2026-06-16T23:39:49+02:00,3.2,10.0,53.7,204,ok
2026-06-16T23:40:21+02:00,3.4,11.7,57.1,204,ok
2026-06-16T23:40:52+02:00,20.8,11.6,54.7,204,ok
2026-06-16T23:41:23+02:00,3.4,11.1,58.5,204,ok
2026-06-16T23:41:53+02:00,3.3,9.7,55.2,204,ok
2026-06-16T23:42:24+02:00,3.2,11.4,55.0,204,ok
2026-06-16T23:42:55+02:00,2.7,11.3,55.9,204,ok
2026-06-16T23:43:25+02:00,3.3,11.1,58.0,204,ok
2026-06-16T23:43:56+02:00,3.2,10.5,51.7,204,ok
2026-06-16T23:44:27+02:00,20.9,10.5,60.2,204,ok
2026-06-16T23:44:57+02:00,3.3,11.1,56.4,204,ok
2026-06-16T23:45:28+02:00,3.3,10.1,52.2,204,ok
2026-06-16T23:46:01+02:00,21.9,15.8,60.1,204,ok
2026-06-16T23:46:32+02:00,2.6,9.7,53.0,204,ok
2026-06-16T23:47:04+02:00,2.5,11.3,59.1,204,ok
2026-06-16T23:47:35+02:00,3.3,8.8,53.1,204,ok
2026-06-16T23:48:06+02:00,2.9,9.8,61.6,204,ok
2026-06-16T23:48:38+02:00,2.9,9.1,52.7,204,ok
2026-06-16T23:49:09+02:00,20.9,12.4,57.5,204,ok
2026-06-16T23:49:39+02:00,3.3,9.3,51.9,204,ok
2026-06-16T23:50:10+02:00,2.7,9.5,48.3,204,ok
2026-06-16T23:50:41+02:00,3.3,9.5,64.1,204,ok
2026-06-16T23:51:11+02:00,21.9,9.9,59.4,204,ok
2026-06-16T23:51:42+02:00,3.2,10.2,54.4,204,ok
2026-06-16T23:52:13+02:00,3.2,10.0,60.7,204,ok
2026-06-16T23:52:45+02:00,2.2,10.4,49.7,204,ok
2026-06-16T23:53:16+02:00,3.2,10.7,59.9,204,ok
2026-06-16T23:53:48+02:00,3.4,11.1,62.1,204,ok
2026-06-16T23:54:19+02:00,22.8,10.6,59.0,204,ok
2026-06-16T23:54:50+02:00,3.2,11.6,55.3,204,ok
2026-06-16T23:55:20+02:00,23.5,10.4,57.3,204,ok
2026-06-16T23:55:51+02:00,21.1,13.6,54.2,204,ok
2026-06-16T23:56:22+02:00,2.6,10.3,48.6,204,ok
2026-06-16T23:56:52+02:00,3.4,10.3,61.5,204,ok
2026-06-16T23:57:23+02:00,2.6,9.1,49.6,204,ok
2026-06-16T23:57:54+02:00,1.6,9.5,43.4,204,ok
2026-06-16T23:58:24+02:00,3.4,10.1,60.2,204,ok
2026-06-16T23:58:55+02:00,2.0,11.0,48.7,204,ok
2026-06-16T23:59:26+02:00,21.2,10.7,58.4,204,ok
2026-06-16T23:59:58+02:00,21.0,11.4,57.2,204,ok
2026-06-17T00:00:29+02:00,3.4,11.2,55.6,204,ok
2026-06-17T00:01:01+02:00,21.5,9.7,55.4,204,ok
2026-06-17T00:01:32+02:00,3.4,13.9,57.1,204,ok
2026-06-17T00:02:03+02:00,2.9,9.4,47.9,204,ok
2026-06-17T00:02:33+02:00,3.0,10.4,48.2,204,ok
2026-06-17T00:03:04+02:00,2.0,9.6,45.4,204,ok
2026-06-17T00:03:35+02:00,2.8,10.5,51.9,204,ok
2026-06-17T00:04:05+02:00,22.8,13.1,58.5,204,ok
2026-06-17T00:04:36+02:00,3.1,10.7,57.5,204,ok
2026-06-17T00:05:07+02:00,23.6,11.0,60.0,204,ok
2026-06-17T00:05:37+02:00,2.0,10.8,43.9,204,ok
2026-06-17T00:06:08+02:00,20.3,10.3,63.4,204,ok
2026-06-17T00:06:39+02:00,3.5,10.3,64.6,204,ok
2026-06-17T00:07:11+02:00,3.1,9.9,52.4,204,ok
2026-06-17T00:07:42+02:00,3.4,9.6,60.5,204,ok
2026-06-17T00:08:14+02:00,3.1,11.8,59.3,204,ok
2026-06-17T00:08:45+02:00,3.4,11.2,56.6,204,ok
2026-06-17T00:09:16+02:00,3.2,10.1,62.8,204,ok
2026-06-17T00:09:46+02:00,3.3,11.6,58.5,204,ok
2026-06-17T00:10:17+02:00,21.8,11.9,53.8,204,ok
2026-06-17T00:10:48+02:00,20.8,14.3,59.2,204,ok
2026-06-17T00:11:18+02:00,3.3,10.4,52.8,204,ok
2026-06-17T00:11:49+02:00,2.9,9.6,49.9,204,ok
2026-06-17T00:12:20+02:00,2.1,11.1,48.6,204,ok
2026-06-17T00:12:50+02:00,1.5,9.1,47.4,204,ok
2026-06-17T00:13:21+02:00,3.2,10.0,56.3,204,ok
2026-06-17T00:13:52+02:00,2.9,9.1,53.9,204,ok
2026-06-17T00:14:22+02:00,20.4,10.6,52.8,204,ok
2026-06-17T00:14:53+02:00,21.9,9.5,58.3,204,ok
2026-06-17T00:15:24+02:00,2.6,9.6,47.3,204,ok
2026-06-17T00:15:54+02:00,2.6,9.5,49.6,204,ok
2026-06-17T00:16:25+02:00,3.2,11.6,63.9,204,ok
2026-06-17T00:16:56+02:00,3.3,9.7,51.4,204,ok
2026-06-17T00:17:28+02:00,2.3,9.5,46.8,204,ok
2026-06-17T00:17:59+02:00,3.4,10.6,61.3,204,ok
2026-06-17T00:18:31+02:00,3.1,13.1,65.0,204,ok
2026-06-17T00:19:02+02:00,22.4,10.2,66.8,204,ok
2026-06-17T00:19:33+02:00,22.1,11.3,65.9,204,ok
2026-06-17T00:20:05+02:00,19.9,10.3,57.7,204,ok
2026-06-17T00:20:36+02:00,3.3,14.9,56.3,204,ok
2026-06-17T00:21:08+02:00,3.3,10.8,56.2,204,ok
2026-06-17T00:21:39+02:00,3.6,9.4,55.2,204,ok
2026-06-17T00:22:10+02:00,2.2,9.6,49.7,204,ok
2026-06-17T00:22:40+02:00,3.4,11.1,61.2,204,ok
2026-06-17T00:23:11+02:00,3.0,11.0,56.1,204,ok
2026-06-17T00:23:42+02:00,2.9,13.4,52.8,204,ok
2026-06-17T00:24:12+02:00,21.4,13.8,60.8,204,ok
2026-06-17T00:24:43+02:00,22.6,11.4,62.6,204,ok
2026-06-17T00:25:14+02:00,3.4,10.4,62.4,204,ok
2026-06-17T00:25:46+02:00,1.4,11.0,39.6,204,ok
2026-06-17T00:26:17+02:00,3.2,10.5,65.1,204,ok
2026-06-17T00:26:49+02:00,3.1,9.0,66.4,204,ok
2026-06-17T00:27:20+02:00,2.8,11.1,52.4,204,ok
2026-06-17T00:27:51+02:00,3.4,10.6,56.9,204,ok
2026-06-17T00:28:21+02:00,3.2,11.1,55.7,204,ok
2026-06-17T00:28:52+02:00,3.4,10.0,56.3,204,ok
2026-06-17T00:29:23+02:00,21.5,9.5,56.2,204,ok
2026-06-17T00:29:53+02:00,20.0,10.8,53.6,204,ok
2026-06-17T00:30:24+02:00,1.9,10.4,48.4,204,ok
2026-06-17T00:30:55+02:00,17.3,9.8,59.0,204,ok
2026-06-17T00:31:25+02:00,2.0,10.3,47.0,204,ok
2026-06-17T00:31:56+02:00,2.8,14.7,54.1,204,ok
2026-06-17T00:32:28+02:00,3.2,9.8,58.7,204,ok
2026-06-17T00:32:59+02:00,3.0,10.9,51.7,204,ok
2026-06-17T00:33:30+02:00,3.2,9.0,60.2,204,ok
2026-06-17T00:34:00+02:00,20.2,13.1,51.9,204,ok
2026-06-17T00:34:31+02:00,3.0,10.7,60.6,204,ok
2026-06-17T00:35:02+02:00,3.1,11.1,55.4,204,ok
2026-06-17T00:35:32+02:00,17.9,9.6,51.3,204,ok
2026-06-17T00:36:03+02:00,3.2,14.7,55.4,204,ok
2026-06-17T00:36:34+02:00,2.7,10.3,49.9,204,ok
2026-06-17T00:37:04+02:00,2.5,9.6,47.8,204,ok
2026-06-17T00:37:35+02:00,3.0,11.7,53.1,204,ok
2026-06-17T00:38:06+02:00,2.1,10.2,47.7,204,ok
2026-06-17T00:38:36+02:00,22.5,9.7,60.3,204,ok
2026-06-17T00:39:07+02:00,21.6,12.3,58.7,204,ok
2026-06-17T00:39:38+02:00,21.9,11.1,64.8,204,ok
2026-06-17T00:40:10+02:00,2.8,9.3,49.9,204,ok
2026-06-17T00:40:41+02:00,2.9,9.7,49.2,204,ok
2026-06-17T00:41:11+02:00,2.7,9.2,48.4,204,ok
2026-06-17T00:41:42+02:00,3.4,9.9,66.3,204,ok
2026-06-17T00:42:13+02:00,2.3,9.3,46.8,204,ok
2026-06-17T00:42:43+02:00,3.5,13.2,57.6,204,ok
2026-06-17T00:43:14+02:00,3.2,11.0,56.6,204,ok
2026-06-17T00:43:45+02:00,2.8,10.6,50.1,204,ok
2026-06-17T00:44:15+02:00,22.3,11.0,53.3,204,ok
2026-06-17T00:44:46+02:00,21.1,10.1,62.3,204,ok
2026-06-17T00:45:17+02:00,3.4,9.5,53.7,204,ok
2026-06-17T00:45:49+02:00,3.0,10.2,51.2,204,ok
2026-06-17T00:46:19+02:00,3.4,10.8,58.8,204,ok
2026-06-17T00:46:51+02:00,3.2,9.7,54.9,204,ok
2026-06-17T00:47:22+02:00,3.4,10.3,57.7,204,ok
2026-06-17T00:47:52+02:00,2.3,10.8,47.9,204,ok
2026-06-17T00:48:23+02:00,3.3,11.3,55.0,204,ok
2026-06-17T00:48:54+02:00,3.3,11.4,59.5,204,ok
2026-06-17T00:49:24+02:00,20.8,8.8,64.0,204,ok
2026-06-17T00:49:55+02:00,21.1,12.1,51.0,204,ok
2026-06-17T00:50:26+02:00,21.8,15.1,57.8,204,ok
2026-06-17T00:50:56+02:00,2.3,10.0,55.4,204,ok
2026-06-17T00:51:27+02:00,2.1,10.3,48.5,204,ok
2026-06-17T00:51:58+02:00,3.3,10.2,63.1,204,ok
2026-06-17T00:52:30+02:00,3.3,10.6,53.8,204,ok
2026-06-17T00:53:01+02:00,2.7,9.1,55.5,204,ok
2026-06-17T00:53:33+02:00,21.0,9.8,59.1,204,ok
2026-06-17T00:54:04+02:00,21.6,12.5,59.4,204,ok
2026-06-17T00:54:35+02:00,22.9,9.2,58.0,204,ok
2026-06-17T00:55:07+02:00,3.1,11.1,65.6,204,ok
2026-06-17T00:55:38+02:00,5.0,9.4,56.4,204,ok
2026-06-17T00:56:10+02:00,3.2,10.2,50.6,204,ok
2026-06-17T00:56:41+02:00,2.6,12.6,53.4,204,ok
2026-06-17T00:57:12+02:00,3.2,9.2,51.0,204,ok
2026-06-17T00:57:42+02:00,3.2,8.7,59.5,204,ok
2026-06-17T00:58:13+02:00,3.2,10.0,66.5,204,ok
2026-06-17T00:58:44+02:00,3.1,9.9,53.0,204,ok
2026-06-17T00:59:14+02:00,22.0,10.8,62.6,204,ok
2026-06-17T00:59:45+02:00,21.2,9.1,53.7,204,ok
2026-06-17T01:00:16+02:00,3.4,9.6,59.4,204,ok
2026-06-17T01:00:46+02:00,22.5,11.4,54.0,204,ok
2026-06-17T01:01:17+02:00,2.2,10.9,48.5,204,ok
2026-06-17T01:01:48+02:00,3.2,12.0,64.9,204,ok
2026-06-17T01:02:20+02:00,2.7,9.2,58.9,204,ok
2026-06-17T01:02:51+02:00,2.4,10.9,47.4,204,ok
2026-06-17T01:03:23+02:00,3.3,11.2,61.0,204,ok
2026-06-17T01:03:54+02:00,20.6,11.0,54.8,204,ok
2026-06-17T01:04:25+02:00,3.3,9.8,60.4,204,ok
2026-06-17T01:04:55+02:00,18.5,9.9,55.1,204,ok
2026-06-17T01:05:26+02:00,20.8,9.9,48.9,204,ok
2026-06-17T01:05:57+02:00,1.2,11.3,45.9,204,ok
2026-06-17T01:06:27+02:00,2.2,9.5,44.1,204,ok
2026-06-17T01:06:58+02:00,3.2,11.0,60.9,204,ok
2026-06-17T01:07:29+02:00,3.3,10.4,60.2,204,ok
2026-06-17T01:07:59+02:00,2.5,9.3,48.8,204,ok
2026-06-17T01:08:30+02:00,21.9,12.0,60.0,204,ok
2026-06-17T01:09:01+02:00,22.2,11.2,58.7,204,ok
2026-06-17T01:09:31+02:00,22.3,9.2,57.8,204,ok
2026-06-17T01:10:02+02:00,2.1,9.2,47.8,204,ok
2026-06-17T01:10:33+02:00,3.4,11.7,56.2,204,ok
2026-06-17T01:11:05+02:00,2.0,10.2,46.2,204,ok
2026-06-17T01:11:36+02:00,3.4,9.4,64.4,204,ok
2026-06-17T01:12:06+02:00,3.3,14.9,59.4,204,ok
2026-06-17T01:12:37+02:00,3.2,14.9,63.5,204,ok
2026-06-17T01:13:08+02:00,3.2,10.0,63.1,204,ok
2026-06-17T01:13:38+02:00,22.1,11.4,60.8,204,ok
2026-06-17T01:14:09+02:00,20.9,13.8,61.9,204,ok
2026-06-17T01:14:40+02:00,3.3,12.0,57.0,204,ok
2026-06-17T01:15:10+02:00,3.2,9.5,59.1,204,ok
2026-06-17T01:15:41+02:00,21.2,12.9,55.5,204,ok
2026-06-17T01:16:12+02:00,3.2,10.8,57.5,204,ok
2026-06-17T01:16:44+02:00,3.3,9.4,59.2,204,ok
2026-06-17T01:17:15+02:00,3.2,13.5,54.3,204,ok
2026-06-17T01:17:47+02:00,2.9,10.5,51.2,204,ok
2026-06-17T01:18:18+02:00,2.7,11.2,51.3,204,ok
2026-06-17T01:18:49+02:00,23.0,9.5,59.2,204,ok
2026-06-17T01:19:19+02:00,3.2,10.3,58.7,204,ok
2026-06-17T01:19:50+02:00,20.7,8.6,53.0,204,ok
2026-06-17T01:20:21+02:00,2.0,10.9,48.1,204,ok
2026-06-17T01:20:51+02:00,1.7,9.3,43.6,204,ok
2026-06-17T01:21:22+02:00,3.2,11.5,58.4,204,ok
2026-06-17T01:21:53+02:00,3.4,10.8,67.0,204,ok
2026-06-17T01:22:23+02:00,3.3,16.1,61.6,204,ok
2026-06-17T01:22:54+02:00,2.8,8.9,46.4,204,ok
2026-06-17T01:23:25+02:00,2.8,9.2,48.8,204,ok
2026-06-17T01:23:55+02:00,20.8,10.5,62.2,204,ok
2026-06-17T01:24:26+02:00,17.7,8.3,52.7,204,ok
2026-06-17T01:24:57+02:00,2.8,11.9,52.7,204,ok
2026-06-17T01:25:27+02:00,1.5,9.4,53.1,204,ok
2026-06-17T01:25:58+02:00,2.0,10.0,50.4,204,ok
2026-06-17T01:26:29+02:00,3.2,9.5,62.5,204,ok
2026-06-17T01:27:01+02:00,3.4,10.6,56.6,204,ok
2026-06-17T01:27:32+02:00,1.7,10.1,55.2,204,ok
2026-06-17T01:28:04+02:00,2.9,9.1,46.8,204,ok
2026-06-17T01:28:35+02:00,21.5,12.2,61.7,204,ok
2026-06-17T01:29:06+02:00,23.2,14.2,61.2,204,ok
2026-06-17T01:29:36+02:00,3.2,9.7,65.4,204,ok
2026-06-17T01:30:07+02:00,21.1,11.4,59.8,204,ok
2026-06-17T01:30:38+02:00,3.2,10.6,60.3,204,ok
2026-06-17T01:31:10+02:00,1.3,9.5,40.3,204,ok
2026-06-17T01:31:41+02:00,3.4,9.7,50.6,204,ok
2026-06-17T01:32:11+02:00,3.3,10.8,60.9,204,ok
2026-06-17T01:32:42+02:00,3.0,10.6,50.4,204,ok
2026-06-17T01:33:13+02:00,21.8,11.1,62.5,204,ok
2026-06-17T01:33:45+02:00,18.9,10.3,58.8,204,ok
2026-06-17T01:34:16+02:00,3.2,10.9,54.2,204,ok
2026-06-17T01:34:46+02:00,21.3,11.2,54.9,204,ok
2026-06-17T01:35:17+02:00,3.4,14.3,61.3,204,ok
2026-06-17T01:35:48+02:00,2.9,9.6,53.6,204,ok
2026-06-17T01:36:18+02:00,2.4,10.2,49.8,204,ok
2026-06-17T01:36:49+02:00,3.2,10.4,85.7,204,ok
2026-06-17T01:37:20+02:00,3.3,11.4,66.7,204,ok
2026-06-17T01:37:52+02:00,3.3,9.4,52.6,204,ok
2026-06-17T01:38:23+02:00,2.5,10.4,52.2,204,ok
2026-06-17T01:38:55+02:00,22.3,9.1,65.0,204,ok
2026-06-17T01:39:26+02:00,21.2,8.7,65.5,204,ok
2026-06-17T01:39:57+02:00,3.2,10.8,55.5,204,ok
2026-06-17T01:40:27+02:00,20.5,10.8,55.4,204,ok
2026-06-17T01:40:58+02:00,2.7,14.7,52.8,204,ok
2026-06-17T01:41:29+02:00,2.8,9.1,50.5,204,ok
2026-06-17T01:42:01+02:00,3.0,13.2,55.7,204,ok
2026-06-17T01:42:32+02:00,3.4,10.7,55.4,204,ok
2026-06-17T01:43:04+02:00,3.2,11.9,63.7,204,ok
2026-06-17T01:43:35+02:00,22.8,10.5,58.6,204,ok
2026-06-17T01:44:06+02:00,1.9,11.1,44.2,204,ok
2026-06-17T01:44:36+02:00,3.4,10.0,56.3,204,ok
2026-06-17T01:45:07+02:00,22.6,11.6,60.6,204,ok
2026-06-17T01:45:38+02:00,3.4,11.2,63.6,204,ok
2026-06-17T01:46:09+02:00,3.2,10.2,53.9,204,ok
2026-06-17T01:46:40+02:00,2.4,11.4,48.5,204,ok
2026-06-17T01:47:12+02:00,3.3,10.2,56.9,204,ok
2026-06-17T01:47:43+02:00,3.4,10.6,60.9,204,ok
2026-06-17T01:48:15+02:00,21.4,9.5,63.6,204,ok
2026-06-17T01:48:46+02:00,3.4,11.6,64.2,204,ok
2026-06-17T01:49:17+02:00,20.6,9.1,57.8,204,ok
2026-06-17T01:49:47+02:00,3.4,10.6,63.3,204,ok
2026-06-17T01:50:18+02:00,21.0,12.0,61.9,204,ok
2026-06-17T01:50:49+02:00,3.5,15.1,53.8,204,ok
2026-06-17T01:51:21+02:00,3.2,9.9,64.2,204,ok
2026-06-17T01:51:52+02:00,3.4,13.6,58.4,204,ok
2026-06-17T01:52:22+02:00,3.0,10.4,53.9,204,ok
2026-06-17T01:52:53+02:00,3.2,11.7,53.1,204,ok
2026-06-17T01:53:24+02:00,2.1,9.1,55.2,204,ok
2026-06-17T01:53:54+02:00,2.2,10.6,50.9,204,ok
2026-06-17T01:54:25+02:00,23.0,11.1,62.9,204,ok
2026-06-17T01:54:56+02:00,22.6,11.1,62.6,204,ok
2026-06-17T01:55:28+02:00,3.3,8.7,55.7,204,ok
2026-06-17T01:55:59+02:00,2.5,8.5,47.7,204,ok
2026-06-17T01:56:31+02:00,2.2,10.5,47.0,204,ok
2026-06-17T01:57:02+02:00,2.8,10.4,55.5,204,ok
2026-06-17T01:57:33+02:00,2.7,9.7,49.0,204,ok
2026-06-17T01:58:03+02:00,3.0,11.3,56.2,204,ok
2026-06-17T01:58:34+02:00,21.9,10.2,61.8,204,ok
2026-06-17T01:59:05+02:00,3.2,13.3,54.1,204,ok
2026-06-17T01:59:35+02:00,3.2,10.7,50.9,204,ok
2026-06-17T02:00:06+02:00,21.3,10.4,58.5,204,ok
2026-06-17T02:00:37+02:00,3.4,10.4,56.0,204,ok
2026-06-17T02:01:07+02:00,3.2,10.1,61.2,204,ok
2026-06-17T02:01:38+02:00,3.2,9.4,56.9,204,ok
2026-06-17T02:02:09+02:00,1.5,9.1,42.8,204,ok
2026-06-17T02:02:39+02:00,3.3,9.4,58.2,204,ok
2026-06-17T02:03:10+02:00,19.7,9.6,59.7,204,ok
2026-06-17T02:03:41+02:00,3.3,10.1,53.6,204,ok
2026-06-17T02:04:13+02:00,21.5,11.2,60.1,204,ok
2026-06-17T02:04:44+02:00,2.3,9.2,50.3,204,ok
2026-06-17T02:05:16+02:00,21.6,12.7,62.8,204,ok
2026-06-17T02:05:47+02:00,2.9,9.6,53.5,204,ok
2026-06-17T02:06:18+02:00,4.0,11.8,54.1,204,ok
2026-06-17T02:06:48+02:00,3.1,9.7,50.3,204,ok
2026-06-17T02:07:19+02:00,3.2,10.7,55.0,204,ok
2026-06-17T02:07:50+02:00,3.0,11.8,56.8,204,ok
2026-06-17T02:08:22+02:00,21.3,11.5,52.4,204,ok
2026-06-17T02:08:53+02:00,22.0,11.7,56.0,204,ok
2026-06-17T02:09:25+02:00,3.2,10.7,58.2,204,ok
2026-06-17T02:09:56+02:00,20.1,10.3,59.9,204,ok
2026-06-17T02:10:27+02:00,2.9,10.4,51.3,204,ok
2026-06-17T02:10:57+02:00,2.0,10.7,49.8,204,ok
2026-06-17T02:11:28+02:00,2.1,9.5,49.7,204,ok
2026-06-17T02:11:59+02:00,2.1,9.7,46.0,204,ok
2026-06-17T02:12:29+02:00,3.0,9.3,53.7,204,ok
2026-06-17T02:13:00+02:00,22.5,11.1,60.5,204,ok
2026-06-17T02:13:31+02:00,19.7,11.2,61.5,204,ok
2026-06-17T02:14:01+02:00,22.6,9.8,57.0,204,ok
2026-06-17T02:14:32+02:00,2.2,10.6,46.6,204,ok
2026-06-17T02:15:03+02:00,21.9,7.3,53.9,204,ok
2026-06-17T02:15:35+02:00,2.9,11.7,54.2,204,ok
2026-06-17T02:16:06+02:00,3.3,11.1,54.9,204,ok
2026-06-17T02:16:38+02:00,3.2,11.8,64.5,204,ok
2026-06-17T02:17:09+02:00,3.2,11.0,53.9,204,ok
2026-06-17T02:17:40+02:00,1.6,9.8,45.5,204,ok
2026-06-17T02:18:10+02:00,21.5,10.5,56.5,204,ok
2026-06-17T02:18:41+02:00,22.9,14.1,58.3,204,ok
2026-06-17T02:19:12+02:00,21.1,9.4,63.6,204,ok
2026-06-17T02:19:42+02:00,3.2,11.5,58.3,204,ok
2026-06-17T02:20:13+02:00,3.4,9.8,64.8,204,ok
2026-06-17T02:20:44+02:00,3.1,10.7,67.2,204,ok
2026-06-17T02:21:16+02:00,3.2,14.6,52.5,204,ok
2026-06-17T02:21:47+02:00,2.6,10.6,51.6,204,ok
2026-06-17T02:22:19+02:00,2.3,10.1,48.2,204,ok
2026-06-17T02:22:50+02:00,3.0,10.0,49.7,204,ok
2026-06-17T02:23:21+02:00,23.9,9.9,64.9,204,ok
2026-06-17T02:23:51+02:00,2.9,15.1,49.8,204,ok
2026-06-17T02:24:22+02:00,21.6,11.2,50.9,204,ok
2026-06-17T02:24:53+02:00,21.0,12.3,59.6,204,ok
2026-06-17T02:25:23+02:00,3.2,11.3,60.8,204,ok
2026-06-17T02:25:54+02:00,3.4,11.2,58.8,204,ok
2026-06-17T02:26:25+02:00,2.7,11.0,47.8,204,ok
2026-06-17T02:26:55+02:00,3.4,13.6,59.7,204,ok
2026-06-17T02:27:26+02:00,2.9,9.9,62.6,204,ok
2026-06-17T02:27:57+02:00,22.5,11.3,64.3,204,ok
2026-06-17T02:28:27+02:00,2.8,10.9,60.5,204,ok
2026-06-17T02:28:58+02:00,3.2,9.6,52.8,204,ok
2026-06-17T02:29:29+02:00,3.3,10.4,58.6,204,ok
2026-06-17T02:30:01+02:00,21.5,9.6,57.6,204,ok
2026-06-17T02:30:32+02:00,2.1,11.5,49.0,204,ok
2026-06-17T02:31:02+02:00,2.4,9.5,47.6,204,ok
2026-06-17T02:31:33+02:00,3.2,10.5,61.2,204,ok
2026-06-17T02:32:04+02:00,3.4,10.6,63.1,204,ok
2026-06-17T02:32:34+02:00,1.9,14.2,46.2,204,ok
2026-06-17T02:33:05+02:00,22.8,10.7,63.3,204,ok
2026-06-17T02:33:37+02:00,2.4,9.6,50.4,204,ok
2026-06-17T02:34:08+02:00,3.4,9.1,53.9,204,ok
2026-06-17T02:34:39+02:00,3.2,11.1,60.7,204,ok
2026-06-17T02:35:09+02:00,23.6,9.8,60.5,204,ok
2026-06-17T02:35:40+02:00,3.2,12.2,56.4,204,ok
2026-06-17T02:36:11+02:00,2.2,13.6,52.0,204,ok
2026-06-17T02:36:41+02:00,2.8,10.4,50.0,204,ok
2026-06-17T02:37:12+02:00,2.7,8.6,49.5,204,ok
2026-06-17T02:37:43+02:00,2.0,10.5,47.0,204,ok
2026-06-17T02:38:13+02:00,22.5,14.1,61.9,204,ok
2026-06-17T02:38:44+02:00,21.6,11.9,61.1,204,ok
2026-06-17T02:39:15+02:00,20.8,10.8,63.5,204,ok
2026-06-17T02:39:47+02:00,4.9,10.2,62.2,204,ok
2026-06-17T02:40:18+02:00,3.2,9.4,54.7,204,ok
2026-06-17T02:40:48+02:00,2.6,13.1,56.6,204,ok
2026-06-17T02:41:19+02:00,3.2,11.3,63.9,204,ok
2026-06-17T02:41:50+02:00,3.4,11.2,54.1,204,ok
2026-06-17T02:42:20+02:00,2.9,9.9,49.2,204,ok
2026-06-17T02:42:51+02:00,3.3,11.5,63.3,204,ok
2026-06-17T02:43:22+02:00,21.9,9.7,60.7,204,ok
2026-06-17T02:43:52+02:00,21.1,13.4,59.5,204,ok
2026-06-17T02:44:23+02:00,2.9,10.5,53.0,204,ok
2026-06-17T02:44:54+02:00,2.9,11.1,53.4,204,ok
2026-06-17T02:45:26+02:00,3.5,9.4,52.1,204,ok
2026-06-17T02:45:57+02:00,2.1,10.2,43.5,204,ok
2026-06-17T02:46:28+02:00,3.1,11.3,53.0,204,ok
2026-06-17T02:46:59+02:00,2.3,10.2,50.1,204,ok
2026-06-17T02:47:29+02:00,1.7,9.7,41.9,204,ok
2026-06-17T02:48:00+02:00,21.3,12.0,57.6,204,ok
2026-06-17T02:48:31+02:00,20.2,14.5,64.7,204,ok
2026-06-17T02:49:01+02:00,3.3,10.2,58.8,204,ok
2026-06-17T02:49:32+02:00,2.4,9.6,50.3,204,ok
2026-06-17T02:50:03+02:00,17.8,14.3,52.5,204,ok
2026-06-17T02:50:35+02:00,3.4,10.1,54.6,204,ok
2026-06-17T02:51:06+02:00,3.2,24.6,62.6,204,ok
2026-06-17T02:51:36+02:00,3.4,10.2,56.6,204,ok
2026-06-17T02:52:07+02:00,3.0,15.2,54.8,204,ok
2026-06-17T02:52:38+02:00,3.4,11.0,67.0,204,ok
2026-06-17T02:53:08+02:00,23.6,10.8,60.8,204,ok
2026-06-17T02:53:39+02:00,21.5,12.6,55.4,204,ok
2026-06-17T02:54:10+02:00,21.1,10.9,65.6,204,ok
2026-06-17T02:54:40+02:00,22.0,10.9,60.5,204,ok
2026-06-17T02:55:11+02:00,2.6,9.6,46.1,204,ok
2026-06-17T02:55:42+02:00,2.9,8.7,47.5,204,ok
2026-06-17T02:56:14+02:00,1.6,9.4,45.3,204,ok
2026-06-17T02:56:45+02:00,2.9,9.7,49.7,204,ok
2026-06-17T02:57:16+02:00,2.9,10.4,52.9,204,ok
2026-06-17T02:57:48+02:00,1.4,10.2,44.0,204,ok
2026-06-17T02:58:19+02:00,22.5,11.5,61.0,204,ok
2026-06-17T02:58:49+02:00,21.3,9.8,56.7,204,ok
2026-06-17T02:59:20+02:00,2.5,9.4,48.6,204,ok
2026-06-17T02:59:51+02:00,21.4,11.6,56.9,204,ok
2026-06-17T03:00:21+02:00,3.3,10.0,66.2,204,ok
2026-06-17T03:00:52+02:00,3.4,9.2,50.0,204,ok
2026-06-17T03:01:23+02:00,3.2,11.8,58.0,204,ok
2026-06-17T03:01:53+02:00,2.3,10.0,51.4,204,ok
2026-06-17T03:02:24+02:00,2.7,9.7,48.9,204,ok
2026-06-17T03:02:55+02:00,3.0,10.9,42.8,204,ok
2026-06-17T03:03:25+02:00,20.2,9.5,51.3,204,ok
2026-06-17T03:03:56+02:00,21.3,9.6,60.2,204,ok
2026-06-17T03:04:27+02:00,3.2,9.7,53.3,204,ok
2026-06-17T03:04:57+02:00,21.6,9.5,57.4,204,ok
2026-06-17T03:05:28+02:00,3.3,10.9,52.6,204,ok
2026-06-17T03:05:59+02:00,2.5,10.7,50.8,204,ok
2026-06-17T03:06:29+02:00,2.8,11.3,50.3,204,ok
2026-06-17T03:07:00+02:00,2.4,10.5,51.0,204,ok
2026-06-17T03:07:31+02:00,2.8,10.0,58.2,204,ok
2026-06-17T03:08:01+02:00,2.3,10.2,45.3,204,ok
2026-06-17T03:08:32+02:00,3.4,10.2,59.5,204,ok
2026-06-17T03:09:03+02:00,22.6,8.9,54.6,204,ok
2026-06-17T03:09:33+02:00,20.3,11.5,55.1,204,ok
2026-06-17T03:10:04+02:00,3.3,13.4,57.5,204,ok
2026-06-17T03:10:35+02:00,3.2,10.1,53.0,204,ok
2026-06-17T03:11:07+02:00,2.3,9.1,42.8,204,ok
2026-06-17T03:11:38+02:00,3.2,9.2,64.0,204,ok
2026-06-17T03:12:09+02:00,3.4,10.6,52.3,204,ok
2026-06-17T03:12:41+02:00,3.3,9.5,61.3,204,ok
2026-06-17T03:13:12+02:00,2.2,10.1,48.5,204,ok
2026-06-17T03:13:42+02:00,22.1,12.7,54.4,204,ok
2026-06-17T03:14:13+02:00,3.4,12.5,65.7,204,ok
2026-06-17T03:14:44+02:00,23.1,10.8,61.1,204,ok
2026-06-17T03:15:16+02:00,2.8,9.4,57.8,204,ok
2026-06-17T03:15:47+02:00,3.3,10.5,63.7,204,ok
2026-06-17T03:16:19+02:00,3.1,10.7,50.9,204,ok
2026-06-17T03:16:50+02:00,2.8,10.2,47.6,204,ok
2026-06-17T03:17:21+02:00,2.9,10.6,59.3,204,ok
2026-06-17T03:17:51+02:00,21.6,13.2,56.2,204,ok
2026-06-17T03:18:22+02:00,3.2,10.9,66.6,204,ok
2026-06-17T03:18:53+02:00,3.2,9.3,54.5,204,ok
2026-06-17T03:19:23+02:00,21.4,9.4,59.4,204,ok
2026-06-17T03:19:54+02:00,3.4,9.9,62.4,204,ok
2026-06-17T03:20:25+02:00,2.5,11.5,57.4,204,ok
2026-06-17T03:20:57+02:00,2.2,10.3,47.2,204,ok
2026-06-17T03:21:28+02:00,2.2,9.2,49.4,204,ok
2026-06-17T03:22:00+02:00,2.9,9.9,48.2,204,ok
2026-06-17T03:22:31+02:00,22.2,11.7,55.5,204,ok
2026-06-17T03:23:02+02:00,2.8,10.7,50.5,204,ok
2026-06-17T03:23:32+02:00,3.2,10.8,55.3,204,ok
2026-06-17T03:24:03+02:00,3.2,8.9,51.3,204,ok
2026-06-17T03:24:34+02:00,21.8,13.1,56.2,204,ok
2026-06-17T03:25:04+02:00,3.4,10.4,52.1,204,ok
2026-06-17T03:25:35+02:00,3.0,10.0,57.9,204,ok
2026-06-17T03:26:06+02:00,3.2,10.4,65.0,204,ok
2026-06-17T03:26:38+02:00,3.2,10.6,62.8,204,ok
2026-06-17T03:27:09+02:00,3.4,9.8,58.5,204,ok
2026-06-17T03:27:41+02:00,22.2,13.6,58.6,204,ok
2026-06-17T03:28:12+02:00,3.0,11.6,52.5,204,ok
2026-06-17T03:28:43+02:00,3.0,11.9,52.5,204,ok
2026-06-17T03:29:13+02:00,3.3,9.7,54.9,204,ok
2026-06-17T03:29:44+02:00,20.9,15.4,54.3,204,ok
2026-06-17T03:30:15+02:00,3.3,10.7,51.4,204,ok
2026-06-17T03:30:45+02:00,2.5,10.7,46.2,204,ok
2026-06-17T03:31:16+02:00,3.0,9.2,53.1,204,ok
2026-06-17T03:31:47+02:00,3.4,10.6,55.8,204,ok
2026-06-17T03:32:19+02:00,3.2,9.8,56.4,204,ok
2026-06-17T03:32:50+02:00,23.8,12.0,59.4,204,ok
2026-06-17T03:33:20+02:00,1.4,9.0,44.6,204,ok
2026-06-17T03:33:51+02:00,23.1,10.4,63.5,204,ok
2026-06-17T03:34:22+02:00,21.3,10.0,60.7,204,ok
2026-06-17T03:34:54+02:00,1.9,9.9,48.2,204,ok
2026-06-17T03:35:25+02:00,1.6,10.4,43.6,204,ok
2026-06-17T03:35:57+02:00,2.1,10.5,46.2,204,ok
2026-06-17T03:36:28+02:00,3.4,11.1,60.8,204,ok
2026-06-17T03:36:59+02:00,2.4,9.9,48.0,204,ok
2026-06-17T03:37:29+02:00,22.2,11.3,60.5,204,ok
2026-06-17T03:38:00+02:00,22.6,11.3,57.4,204,ok
2026-06-17T03:38:31+02:00,3.6,10.6,62.6,204,ok
2026-06-17T03:39:01+02:00,3.2,9.4,61.4,204,ok
2026-06-17T03:39:32+02:00,2.6,9.2,49.0,204,ok
2026-06-17T03:40:03+02:00,2.6,11.8,52.1,204,ok
2026-06-17T03:40:33+02:00,1.6,8.9,46.5,204,ok
2026-06-17T03:41:04+02:00,3.2,11.2,54.7,204,ok
2026-06-17T03:41:35+02:00,3.0,9.6,52.5,204,ok
2026-06-17T03:42:05+02:00,1.6,9.9,45.4,204,ok
2026-06-17T03:42:36+02:00,22.0,11.3,61.4,204,ok
2026-06-17T03:43:07+02:00,22.3,9.5,61.2,204,ok
2026-06-17T03:43:39+02:00,2.7,10.2,52.4,204,ok
2026-06-17T03:44:10+02:00,1.6,10.5,43.4,204,ok
2026-06-17T03:44:42+02:00,21.2,9.5,60.4,204,ok
2026-06-17T03:45:13+02:00,3.5,11.1,50.1,204,ok
2026-06-17T03:45:44+02:00,3.2,11.8,56.4,204,ok
2026-06-17T03:46:16+02:00,5.1,15.7,53.6,204,ok
2026-06-17T03:46:47+02:00,2.1,9.5,48.0,204,ok
2026-06-17T03:47:18+02:00,2.4,10.3,49.4,204,ok
2026-06-17T03:47:48+02:00,23.7,11.9,61.1,204,ok
2026-06-17T03:48:19+02:00,2.6,8.7,50.8,204,ok
2026-06-17T03:48:50+02:00,21.2,11.2,53.4,204,ok
2026-06-17T03:49:20+02:00,20.8,11.2,61.3,204,ok
2026-06-17T03:49:51+02:00,3.4,10.1,58.8,204,ok
2026-06-17T03:50:22+02:00,2.1,10.3,49.2,204,ok
2026-06-17T03:50:54+02:00,3.4,11.0,63.2,204,ok
2026-06-17T03:51:25+02:00,3.1,8.9,62.2,204,ok
2026-06-17T03:51:57+02:00,1.8,9.0,47.2,204,ok
2026-06-17T03:52:28+02:00,21.7,11.2,60.0,204,ok
2026-06-17T03:52:59+02:00,22.5,8.4,60.0,204,ok
2026-06-17T03:53:29+02:00,1.8,15.9,51.2,204,ok
2026-06-17T03:54:00+02:00,3.0,10.1,49.4,204,ok
2026-06-17T03:54:31+02:00,2.7,11.1,53.8,204,ok
2026-06-17T03:55:01+02:00,2.4,9.8,48.6,204,ok
2026-06-17T03:55:32+02:00,2.9,10.8,54.6,204,ok
2026-06-17T03:56:03+02:00,1.1,9.8,43.2,204,ok
2026-06-17T03:56:33+02:00,3.2,9.9,66.3,204,ok
2026-06-17T03:57:04+02:00,2.0,9.6,44.5,204,ok
2026-06-17T03:57:35+02:00,21.4,9.4,57.0,204,ok
2026-06-17T03:58:07+02:00,24.4,9.6,57.9,204,ok
2026-06-17T03:58:38+02:00,19.9,10.1,59.0,204,ok
2026-06-17T03:59:10+02:00,19.8,12.9,58.1,204,ok
2026-06-17T03:59:41+02:00,2.0,9.7,48.4,204,ok
2026-06-17T04:00:12+02:00,2.4,9.6,49.3,204,ok
2026-06-17T04:00:42+02:00,3.1,9.4,63.3,204,ok
2026-06-17T04:01:13+02:00,2.4,9.8,44.8,204,ok
2026-06-17T04:01:44+02:00,3.2,9.6,65.2,204,ok
2026-06-17T04:02:14+02:00,3.3,10.0,61.5,204,ok
2026-06-17T04:02:45+02:00,21.3,9.5,65.7,204,ok
2026-06-17T04:03:16+02:00,1.3,9.9,43.1,204,ok
2026-06-17T04:03:46+02:00,22.2,13.3,58.5,204,ok
2026-06-17T04:04:17+02:00,19.6,10.2,63.4,204,ok
2026-06-17T04:04:48+02:00,2.4,9.7,55.3,204,ok
2026-06-17T04:05:20+02:00,3.4,10.7,59.9,204,ok
2026-06-17T04:05:51+02:00,2.9,10.5,59.6,204,ok
2026-06-17T04:06:23+02:00,3.0,11.2,61.4,204,ok
2026-06-17T04:06:54+02:00,3.3,9.5,56.5,204,ok
2026-06-17T04:07:25+02:00,1.7,11.1,42.3,204,ok
2026-06-17T04:07:55+02:00,20.4,13.6,58.5,204,ok
2026-06-17T04:08:26+02:00,22.3,9.8,63.6,204,ok
2026-06-17T04:08:57+02:00,1.2,9.2,41.3,204,ok
2026-06-17T04:09:27+02:00,20.5,11.5,57.9,204,ok
2026-06-17T04:09:58+02:00,2.6,11.6,52.4,204,ok
2026-06-17T04:10:29+02:00,2.5,10.6,47.6,204,ok
2026-06-17T04:10:59+02:00,3.3,11.5,56.6,204,ok
2026-06-17T04:11:30+02:00,3.3,12.2,66.9,204,ok
2026-06-17T04:12:01+02:00,2.4,10.6,55.2,204,ok
2026-06-17T04:12:31+02:00,22.6,9.9,57.8,204,ok
2026-06-17T04:13:02+02:00,3.4,9.0,64.8,204,ok
2026-06-17T04:13:33+02:00,23.3,11.5,60.0,204,ok
2026-06-17T04:14:05+02:00,21.9,12.2,59.2,204,ok
2026-06-17T04:14:36+02:00,2.4,11.2,54.7,204,ok
2026-06-17T04:15:08+02:00,3.4,11.5,63.3,204,ok
2026-06-17T04:15:39+02:00,3.0,9.6,48.7,204,ok
2026-06-17T04:16:10+02:00,2.1,10.0,48.9,204,ok
2026-06-17T04:16:40+02:00,2.2,9.1,44.3,204,ok
2026-06-17T04:17:11+02:00,2.7,10.8,51.9,204,ok
2026-06-17T04:17:42+02:00,21.1,11.8,63.5,204,ok
2026-06-17T04:18:12+02:00,3.4,10.9,60.6,204,ok
2026-06-17T04:18:43+02:00,21.8,11.3,59.8,204,ok
2026-06-17T04:19:14+02:00,2.4,15.2,51.7,204,ok
2026-06-17T04:19:46+02:00,2.3,13.2,50.2,204,ok
2026-06-17T04:20:17+02:00,2.2,9.8,50.0,204,ok
2026-06-17T04:20:49+02:00,2.7,9.7,51.3,204,ok
2026-06-17T04:21:20+02:00,3.4,9.2,59.3,204,ok
2026-06-17T04:21:51+02:00,3.2,9.9,62.2,204,ok
2026-06-17T04:22:21+02:00,2.0,10.3,47.0,204,ok
2026-06-17T04:22:52+02:00,22.2,11.7,57.8,204,ok
2026-06-17T04:23:23+02:00,22.2,8.8,58.1,204,ok
2026-06-17T04:23:53+02:00,3.2,10.9,57.8,204,ok
2026-06-17T04:24:24+02:00,2.4,9.8,46.9,204,ok
2026-06-17T04:24:55+02:00,3.3,11.0,55.9,204,ok
2026-06-17T04:25:25+02:00,1.5,10.1,50.7,204,ok
2026-06-17T04:25:56+02:00,2.7,12.3,52.8,204,ok
2026-06-17T04:26:27+02:00,3.2,9.9,62.3,204,ok
2026-06-17T04:26:57+02:00,3.3,12.4,56.4,204,ok
2026-06-17T04:27:28+02:00,19.5,11.7,54.9,204,ok
2026-06-17T04:27:59+02:00,5.0,10.1,57.0,204,ok
2026-06-17T04:28:29+02:00,22.4,12.6,68.3,204,ok
2026-06-17T04:29:00+02:00,3.1,9.7,52.0,204,ok
2026-06-17T04:29:31+02:00,1.6,9.9,44.3,204,ok
2026-06-17T04:30:03+02:00,2.4,10.5,50.3,204,ok
2026-06-17T04:30:34+02:00,3.3,9.9,57.3,204,ok
2026-06-17T04:31:06+02:00,4.5,9.9,54.5,204,ok
2026-06-17T04:31:37+02:00,3.4,10.5,59.4,204,ok
2026-06-17T04:32:08+02:00,3.2,9.6,54.3,204,ok
2026-06-17T04:32:38+02:00,21.5,10.6,59.2,204,ok
2026-06-17T04:33:09+02:00,22.4,10.0,71.9,204,ok
2026-06-17T04:33:39+02:00,2.7,10.5,50.0,204,ok
2026-06-17T04:34:10+02:00,19.7,12.5,54.1,204,ok
2026-06-17T04:34:41+02:00,1.6,10.5,44.9,204,ok
2026-06-17T04:35:11+02:00,3.1,11.1,54.6,204,ok
2026-06-17T04:35:42+02:00,3.2,14.7,63.8,204,ok
2026-06-17T04:36:13+02:00,2.5,11.0,56.4,204,ok
2026-06-17T04:36:45+02:00,3.3,10.5,64.8,204,ok
2026-06-17T04:37:16+02:00,2.8,9.5,49.0,204,ok
2026-06-17T04:37:48+02:00,2.9,13.2,52.6,204,ok
2026-06-17T04:38:19+02:00,22.4,11.9,62.4,204,ok
2026-06-17T04:38:50+02:00,1.1,11.8,42.3,204,ok
2026-06-17T04:39:20+02:00,22.2,8.5,58.4,204,ok
2026-06-17T04:39:51+02:00,2.9,10.2,52.6,204,ok
2026-06-17T04:40:22+02:00,3.1,11.0,50.5,204,ok
2026-06-17T04:40:52+02:00,1.4,9.5,39.6,204,ok
2026-06-17T04:41:23+02:00,2.6,10.9,59.2,204,ok
2026-06-17T04:41:54+02:00,2.6,9.6,48.1,204,ok
2026-06-17T04:42:24+02:00,3.4,11.7,54.4,204,ok
2026-06-17T04:42:55+02:00,21.2,14.8,62.7,204,ok
2026-06-17T04:43:26+02:00,23.0,10.3,65.1,204,ok
2026-06-17T04:43:56+02:00,2.9,12.5,51.5,204,ok
2026-06-17T04:44:27+02:00,1.5,10.4,44.1,204,ok
2026-06-17T04:44:58+02:00,3.2,10.9,55.2,204,ok
2026-06-17T04:45:28+02:00,2.1,11.2,49.5,204,ok
2026-06-17T04:45:59+02:00,3.2,11.0,56.0,204,ok
2026-06-17T04:46:29+02:00,2.8,8.9,58.5,204,ok
2026-06-17T04:47:00+02:00,22.4,12.1,61.0,204,ok
2026-06-17T04:47:30+02:00,21.2,14.9,57.8,204,ok
2026-06-17T04:48:01+02:00,2.3,9.4,50.5,204,ok
2026-06-17T04:48:32+02:00,3.0,9.8,54.7,204,ok
2026-06-17T04:49:04+02:00,21.7,9.6,56.8,204,ok
2026-06-17T04:49:35+02:00,3.2,10.8,61.8,204,ok
2026-06-17T04:50:05+02:00,3.2,11.5,55.8,204,ok
2026-06-17T04:50:36+02:00,3.4,10.8,56.6,204,ok
2026-06-17T04:51:07+02:00,3.2,9.6,59.7,204,ok
2026-06-17T04:51:37+02:00,3.6,10.2,53.9,204,ok
2026-06-17T04:52:08+02:00,24.1,11.3,65.4,204,ok
2026-06-17T04:52:39+02:00,21.3,9.7,61.4,204,ok
2026-06-17T04:53:11+02:00,20.2,10.7,55.0,204,ok
2026-06-17T04:53:42+02:00,3.0,15.6,59.7,204,ok
2026-06-17T04:54:12+02:00,3.2,10.9,66.1,204,ok
2026-06-17T04:54:43+02:00,3.4,10.8,64.3,204,ok
2026-06-17T04:55:14+02:00,3.4,9.4,57.6,204,ok
2026-06-17T04:55:44+02:00,3.3,11.2,56.0,204,ok
2026-06-17T04:56:15+02:00,3.3,11.7,50.8,204,ok
2026-06-17T04:56:46+02:00,2.8,8.8,46.2,204,ok
2026-06-17T04:57:16+02:00,20.7,11.5,60.2,204,ok
2026-06-17T04:57:47+02:00,22.6,12.1,57.7,204,ok
2026-06-17T04:58:18+02:00,3.3,10.9,55.1,204,ok
2026-06-17T04:58:50+02:00,2.8,10.0,58.5,204,ok
2026-06-17T04:59:21+02:00,2.2,10.7,47.0,204,ok
2026-06-17T04:59:53+02:00,3.0,11.7,51.5,204,ok
2026-06-17T05:00:24+02:00,2.5,11.2,47.7,204,ok
2026-06-17T05:00:55+02:00,2.4,10.1,52.9,204,ok
2026-06-17T05:01:25+02:00,2.6,9.9,51.6,204,ok
2026-06-17T05:01:56+02:00,22.4,12.9,63.1,204,ok
2026-06-17T05:02:27+02:00,22.1,11.3,57.5,204,ok
2026-06-17T05:02:57+02:00,21.9,8.6,61.1,204,ok
2026-06-17T05:03:28+02:00,2.3,9.5,46.7,204,ok
2026-06-17T05:03:59+02:00,4.9,9.6,64.3,204,ok
2026-06-17T05:04:29+02:00,2.8,10.7,46.2,204,ok
2026-06-17T05:05:00+02:00,3.3,11.6,54.9,204,ok
2026-06-17T05:05:31+02:00,3.4,10.4,60.3,204,ok
2026-06-17T05:06:01+02:00,3.2,9.0,58.8,204,ok
2026-06-17T05:06:32+02:00,2.9,9.5,52.9,204,ok
2026-06-17T05:07:03+02:00,20.6,9.9,57.5,204,ok
2026-06-17T05:07:33+02:00,20.8,10.1,66.3,204,ok
2026-06-17T05:08:04+02:00,22.4,13.0,62.0,204,ok
2026-06-17T05:08:35+02:00,2.6,12.4,54.0,204,ok
2026-06-17T05:09:07+02:00,3.0,8.8,51.5,204,ok
2026-06-17T05:09:38+02:00,3.3,10.4,60.7,204,ok
2026-06-17T05:10:10+02:00,1.9,11.1,46.7,204,ok
2026-06-17T05:10:41+02:00,3.4,11.1,67.2,204,ok
2026-06-17T05:11:12+02:00,3.2,10.3,59.5,204,ok
2026-06-17T05:11:42+02:00,2.6,10.3,51.9,204,ok
2026-06-17T05:12:13+02:00,24.0,9.0,62.3,204,ok
2026-06-17T05:12:44+02:00,2.4,9.4,52.1,204,ok
2026-06-17T05:13:16+02:00,22.2,11.4,65.6,204,ok
2026-06-17T05:13:47+02:00,22.5,11.4,61.4,204,ok
2026-06-17T05:14:19+02:00,3.2,9.5,57.1,204,ok
2026-06-17T05:14:50+02:00,3.2,10.0,62.8,204,ok
2026-06-17T05:15:21+02:00,3.5,11.1,54.9,204,ok
2026-06-17T05:15:51+02:00,3.3,9.6,58.5,204,ok
2026-06-17T05:16:22+02:00,2.6,8.5,54.2,204,ok
2026-06-17T05:16:53+02:00,3.3,13.6,59.5,204,ok
2026-06-17T05:17:23+02:00,20.2,9.9,55.1,204,ok
2026-06-17T05:17:54+02:00,22.1,12.5,58.2,204,ok
2026-06-17T05:18:25+02:00,3.1,10.0,49.1,204,ok
2026-06-17T05:18:57+02:00,2.0,14.8,49.5,204,ok
2026-06-17T05:19:28+02:00,3.2,10.8,58.4,204,ok
2026-06-17T05:20:00+02:00,3.3,10.0,65.2,204,ok
2026-06-17T05:20:31+02:00,2.6,9.0,47.9,204,ok
2026-06-17T05:21:02+02:00,2.9,11.6,55.7,204,ok
2026-06-17T05:21:32+02:00,3.5,10.4,62.5,204,ok
2026-06-17T05:22:03+02:00,21.5,9.2,54.3,204,ok
2026-06-17T05:22:34+02:00,4.9,9.7,54.4,204,ok
2026-06-17T05:23:04+02:00,1.8,10.4,42.0,204,ok
2026-06-17T05:23:35+02:00,21.4,12.4,64.3,204,ok
2026-06-17T05:24:06+02:00,3.2,9.4,64.7,204,ok
2026-06-17T05:24:36+02:00,2.5,8.9,50.3,204,ok
2026-06-17T05:25:07+02:00,3.2,9.4,51.7,204,ok
2026-06-17T05:25:38+02:00,3.4,10.5,63.4,204,ok
2026-06-17T05:26:10+02:00,2.9,11.2,51.6,204,ok
2026-06-17T05:26:41+02:00,21.3,12.3,56.1,204,ok
2026-06-17T05:27:13+02:00,3.3,9.3,62.9,204,ok
2026-06-17T05:27:44+02:00,3.2,9.6,50.3,204,ok
2026-06-17T05:28:15+02:00,23.3,9.6,64.7,204,ok
2026-06-17T05:28:47+02:00,21.2,11.1,52.9,204,ok
2026-06-17T05:29:18+02:00,3.2,11.5,61.0,204,ok
2026-06-17T05:29:49+02:00,3.3,11.3,54.5,204,ok
2026-06-17T05:30:19+02:00,2.3,10.6,48.9,204,ok
2026-06-17T05:30:50+02:00,3.4,9.5,56.4,204,ok
2026-06-17T05:31:21+02:00,2.3,8.3,45.4,204,ok
2026-06-17T05:31:51+02:00,3.4,13.8,57.3,204,ok
2026-06-17T05:32:22+02:00,3.4,11.1,51.8,204,ok
2026-06-17T05:32:53+02:00,22.1,9.0,66.7,204,ok
2026-06-17T05:33:25+02:00,2.9,12.5,56.2,204,ok
2026-06-17T05:33:56+02:00,23.1,12.0,59.0,204,ok
2026-06-17T05:34:26+02:00,1.8,10.7,55.8,204,ok
2026-06-17T05:34:57+02:00,2.1,12.6,50.3,204,ok
2026-06-17T05:35:29+02:00,3.1,10.5,48.8,204,ok
2026-06-17T05:36:00+02:00,3.3,9.8,57.3,204,ok
2026-06-17T05:36:31+02:00,5.5,10.2,62.9,204,ok
2026-06-17T05:37:01+02:00,20.6,9.6,56.9,204,ok
2026-06-17T05:37:32+02:00,3.4,10.8,53.7,204,ok
2026-06-17T05:38:03+02:00,22.6,12.1,62.4,204,ok
2026-06-17T05:38:33+02:00,18.6,14.0,62.6,204,ok
2026-06-17T05:39:04+02:00,2.0,9.0,46.5,204,ok
2026-06-17T05:39:35+02:00,2.5,13.3,50.4,204,ok
2026-06-17T05:40:07+02:00,3.0,10.2,51.5,204,ok
2026-06-17T05:40:38+02:00,3.4,10.3,56.8,204,ok
2026-06-17T05:41:10+02:00,2.6,11.7,53.0,204,ok
2026-06-17T05:41:41+02:00,19.9,14.7,53.7,204,ok
2026-06-17T05:42:12+02:00,21.2,13.7,58.9,204,ok
2026-06-17T05:42:42+02:00,2.4,11.4,47.9,204,ok
2026-06-17T05:43:13+02:00,3.4,9.9,57.0,204,ok
2026-06-17T05:43:44+02:00,22.7,10.6,61.4,204,ok
2026-06-17T05:44:14+02:00,2.4,11.5,50.7,204,ok
2026-06-17T05:44:45+02:00,2.3,9.3,48.0,204,ok
2026-06-17T05:45:16+02:00,2.9,10.1,53.1,204,ok
2026-06-17T05:45:46+02:00,2.3,9.2,49.8,204,ok
2026-06-17T05:46:17+02:00,3.3,11.2,54.3,204,ok
2026-06-17T05:46:48+02:00,22.4,11.4,63.2,204,ok
2026-06-17T05:47:19+02:00,22.2,12.3,58.9,204,ok
2026-06-17T05:47:51+02:00,23.2,9.0,63.9,204,ok
2026-06-17T05:48:22+02:00,3.2,9.4,65.3,204,ok
2026-06-17T05:48:52+02:00,21.7,11.2,61.2,204,ok
2026-06-17T05:49:23+02:00,2.9,9.5,53.3,204,ok
2026-06-17T05:49:54+02:00,1.6,10.4,44.7,204,ok
2026-06-17T05:50:24+02:00,1.3,13.4,44.3,204,ok
2026-06-17T05:50:55+02:00,3.2,10.5,61.5,204,ok
2026-06-17T05:51:26+02:00,3.2,10.8,60.1,204,ok
2026-06-17T05:51:56+02:00,20.8,10.3,57.1,204,ok
2026-06-17T05:52:27+02:00,2.8,10.7,49.8,204,ok
2026-06-17T05:52:58+02:00,21.1,13.0,60.6,204,ok
2026-06-17T05:53:30+02:00,21.5,11.5,56.7,204,ok
2026-06-17T05:54:01+02:00,3.4,9.7,55.2,204,ok
2026-06-17T05:54:31+02:00,3.2,9.8,62.2,204,ok
2026-06-17T05:55:02+02:00,2.8,10.4,52.2,204,ok
2026-06-17T05:55:33+02:00,3.3,10.7,80.3,204,ok
2026-06-17T05:56:03+02:00,2.9,9.3,48.2,204,ok
2026-06-17T05:56:34+02:00,3.2,11.4,58.0,204,ok
2026-06-17T05:57:05+02:00,2.8,10.6,47.1,204,ok
2026-06-17T05:57:35+02:00,22.4,10.8,59.2,204,ok
2026-06-17T05:58:06+02:00,3.3,11.5,56.0,204,ok
2026-06-17T05:58:37+02:00,21.0,10.6,54.2,204,ok
2026-06-17T05:59:09+02:00,3.2,9.5,55.6,204,ok
2026-06-17T05:59:40+02:00,3.2,9.6,63.9,204,ok
2026-06-17T06:00:12+02:00,3.4,10.3,53.9,204,ok
2026-06-17T06:00:43+02:00,3.2,9.7,64.2,204,ok
2026-06-17T06:01:14+02:00,1.2,9.9,43.9,204,ok
2026-06-17T06:01:45+02:00,1.0,13.9,40.2,204,ok
2026-06-17T06:02:16+02:00,18.6,9.9,43.4,204,ok
2026-06-17T06:02:47+02:00,18.6,10.5,47.4,204,ok
2026-06-17T06:03:17+02:00,2.1,9.3,47.0,204,ok
2026-06-17T06:03:48+02:00,3.0,10.2,62.2,204,ok
2026-06-17T06:04:19+02:00,3.0,10.8,51.8,204,ok
2026-06-17T06:04:49+02:00,3.3,10.3,64.8,204,ok
2026-06-17T06:05:20+02:00,3.3,10.8,53.4,204,ok
2026-06-17T06:05:51+02:00,2.3,9.8,46.5,204,ok
2026-06-17T06:06:21+02:00,3.3,9.8,56.3,204,ok
2026-06-17T06:06:52+02:00,23.7,9.8,55.5,204,ok
2026-06-17T06:07:23+02:00,3.2,10.6,56.2,204,ok
2026-06-17T06:07:55+02:00,2.3,9.6,50.8,204,ok
2026-06-17T06:08:26+02:00,2.5,9.5,49.8,204,ok
2026-06-17T06:08:58+02:00,2.9,10.3,48.7,204,ok
2026-06-17T06:09:29+02:00,3.1,11.0,61.2,204,ok
2026-06-17T06:10:00+02:00,3.0,11.9,57.9,204,ok
2026-06-17T06:10:30+02:00,2.5,9.7,52.0,204,ok
2026-06-17T06:11:01+02:00,3.4,11.4,63.2,204,ok
2026-06-17T06:11:32+02:00,19.7,10.7,56.1,204,ok
2026-06-17T06:12:02+02:00,21.6,10.2,53.8,204,ok
2026-06-17T06:12:33+02:00,3.2,9.8,59.4,204,ok
2026-06-17T06:13:04+02:00,2.6,9.8,51.2,204,ok
2026-06-17T06:13:34+02:00,21.8,11.0,56.7,204,ok
2026-06-17T06:14:05+02:00,3.2,9.6,54.5,204,ok
2026-06-17T06:14:36+02:00,3.2,10.7,64.8,204,ok
2026-06-17T06:15:08+02:00,1.9,8.6,43.8,204,ok
2026-06-17T06:15:39+02:00,2.0,9.7,55.1,204,ok
2026-06-17T06:16:09+02:00,2.9,9.3,51.0,204,ok
2026-06-17T06:16:40+02:00,23.7,12.4,66.2,204,ok
2026-06-17T06:17:11+02:00,1.2,9.7,40.2,204,ok
2026-06-17T06:17:41+02:00,3.4,10.4,59.2,204,ok
2026-06-17T06:18:12+02:00,2.7,9.5,52.1,204,ok
2026-06-17T06:18:43+02:00,21.2,11.9,64.6,204,ok
2026-06-17T06:19:13+02:00,3.0,10.4,53.3,204,ok
2026-06-17T06:19:44+02:00,3.2,10.9,61.7,204,ok
2026-06-17T06:20:15+02:00,2.6,8.9,61.3,204,ok
2026-06-17T06:20:47+02:00,3.2,9.9,61.2,204,ok
2026-06-17T06:21:18+02:00,20.9,15.2,56.9,204,ok
2026-06-17T06:21:50+02:00,21.4,11.8,61.7,204,ok
2026-06-17T06:22:21+02:00,3.0,10.3,50.3,204,ok
2026-06-17T06:22:52+02:00,3.1,10.6,53.4,204,ok
2026-06-17T06:23:22+02:00,20.1,10.4,59.6,204,ok
2026-06-17T06:23:53+02:00,3.4,11.7,66.9,204,ok
2026-06-17T06:24:24+02:00,2.7,11.2,56.0,204,ok
2026-06-17T06:24:54+02:00,2.6,11.6,47.6,204,ok
2026-06-17T06:25:25+02:00,3.3,9.2,61.8,204,ok
2026-06-17T06:25:56+02:00,2.4,12.6,51.4,204,ok
2026-06-17T06:26:26+02:00,21.7,11.1,56.3,204,ok
2026-06-17T06:26:57+02:00,20.0,10.5,57.1,204,ok
2026-06-17T06:27:28+02:00,2.8,8.7,53.3,204,ok
2026-06-17T06:28:00+02:00,3.4,10.3,58.9,204,ok
2026-06-17T06:28:31+02:00,3.2,9.2,66.5,204,ok
2026-06-17T06:29:03+02:00,3.4,10.6,55.7,204,ok
2026-06-17T06:29:34+02:00,2.3,10.5,49.9,204,ok
2026-06-17T06:30:05+02:00,1.3,11.5,42.9,204,ok
2026-06-17T06:30:37+02:00,3.3,9.4,62.7,204,ok
2026-06-17T06:31:08+02:00,3.2,9.2,51.8,204,ok
2026-06-17T06:31:39+02:00,21.6,10.7,55.1,204,ok
2026-06-17T06:32:09+02:00,23.0,10.9,55.7,204,ok
2026-06-17T06:32:40+02:00,23.3,10.8,63.9,204,ok
2026-06-17T06:33:11+02:00,20.9,10.1,56.1,204,ok
2026-06-17T06:33:41+02:00,3.3,10.7,63.7,204,ok
2026-06-17T06:34:12+02:00,2.4,13.0,51.3,204,ok
2026-06-17T06:34:44+02:00,3.3,10.8,61.7,204,ok
2026-06-17T06:35:15+02:00,3.4,10.4,53.4,204,ok
2026-06-17T06:35:46+02:00,2.2,14.5,52.3,204,ok
2026-06-17T06:36:18+02:00,3.2,9.1,63.0,204,ok
2026-06-17T06:36:49+02:00,21.3,12.9,59.6,204,ok
2026-06-17T06:37:19+02:00,22.0,13.2,56.3,204,ok
2026-06-17T06:37:50+02:00,3.2,8.7,53.1,204,ok
2026-06-17T06:38:21+02:00,2.9,9.6,52.4,204,ok
2026-06-17T06:38:51+02:00,2.9,11.6,56.7,204,ok
2026-06-17T06:39:22+02:00,2.6,9.6,44.0,204,ok
2026-06-17T06:39:53+02:00,1.9,10.2,53.7,204,ok
2026-06-17T06:40:23+02:00,2.6,8.7,47.9,204,ok
2026-06-17T06:40:54+02:00,3.0,10.6,57.1,204,ok
2026-06-17T06:41:25+02:00,22.8,11.0,53.5,204,ok
2026-06-17T06:41:55+02:00,22.1,11.0,61.7,204,ok
2026-06-17T06:42:26+02:00,22.3,10.0,63.3,204,ok
2026-06-17T06:42:57+02:00,3.0,9.8,51.7,204,ok
2026-06-17T06:43:29+02:00,3.3,9.8,60.5,204,ok
2026-06-17T06:44:00+02:00,3.1,10.8,51.4,204,ok
2026-06-17T06:44:30+02:00,2.5,10.6,52.2,204,ok
2026-06-17T06:45:01+02:00,3.4,9.3,69.7,204,ok
2026-06-17T06:45:32+02:00,3.2,12.1,55.1,204,ok
2026-06-17T06:46:04+02:00,2.3,13.7,51.4,204,ok
2026-06-17T06:46:34+02:00,22.2,10.6,59.5,204,ok
2026-06-17T06:47:04+02:00,22.6,11.4,60.0,204,ok
2026-06-17T06:47:35+02:00,2.5,12.4,50.3,204,ok
2026-06-17T06:48:06+02:00,21.5,10.7,61.5,204,ok
2026-06-17T06:48:38+02:00,3.2,9.8,63.2,204,ok
2026-06-17T06:49:09+02:00,3.2,10.3,57.8,204,ok
2026-06-17T06:49:39+02:00,2.0,10.3,45.5,204,ok
2026-06-17T06:50:10+02:00,2.4,10.5,55.2,204,ok
2026-06-17T06:50:41+02:00,2.6,10.6,50.4,204,ok
2026-06-17T06:51:11+02:00,20.9,9.9,60.7,204,ok
2026-06-17T06:51:42+02:00,1.4,13.7,48.1,204,ok
2026-06-17T06:52:13+02:00,21.1,10.3,60.1,204,ok
2026-06-17T06:52:43+02:00,3.2,9.8,68.1,204,ok
2026-06-17T06:53:14+02:00,21.7,9.6,59.9,204,ok
2026-06-17T06:53:45+02:00,3.1,9.7,53.2,204,ok
2026-06-17T06:54:17+02:00,2.5,10.3,54.9,204,ok
2026-06-17T06:54:48+02:00,1.9,10.3,48.4,204,ok
2026-06-17T06:55:18+02:00,3.2,10.1,49.0,204,ok
2026-06-17T06:55:49+02:00,2.9,9.5,57.6,204,ok
2026-06-17T06:56:20+02:00,22.2,10.2,61.9,204,ok
2026-06-17T06:56:50+02:00,21.4,9.5,54.3,204,ok
2026-06-17T06:57:21+02:00,3.1,14.1,59.2,204,ok
2026-06-17T06:57:52+02:00,2.9,12.6,54.9,204,ok
2026-06-17T06:58:22+02:00,21.4,11.6,62.2,204,ok
2026-06-17T06:58:53+02:00,2.7,10.5,52.2,204,ok
2026-06-17T06:59:24+02:00,2.9,9.9,51.1,204,ok
2026-06-17T06:59:54+02:00,2.1,10.1,42.7,204,ok
2026-06-17T07:00:25+02:00,2.4,11.7,49.2,204,ok
2026-06-17T07:00:56+02:00,3.2,10.5,54.0,204,ok
2026-06-17T07:01:28+02:00,21.9,11.5,56.2,204,ok
2026-06-17T07:01:59+02:00,22.2,11.1,59.6,204,ok
2026-06-17T07:02:29+02:00,23.5,10.8,67.0,204,ok
2026-06-17T07:03:00+02:00,20.7,11.9,63.2,204,ok
2026-06-17T07:03:31+02:00,3.1,9.3,52.1,204,ok
2026-06-17T07:04:01+02:00,2.8,10.0,54.9,204,ok
2026-06-17T07:04:32+02:00,2.0,9.8,45.1,204,ok
2026-06-17T07:05:03+02:00,2.2,9.9,54.7,204,ok
2026-06-17T07:05:35+02:00,3.0,11.8,51.0,204,ok
2026-06-17T07:06:06+02:00,23.7,11.2,59.3,204,ok
2026-06-17T07:06:38+02:00,21.8,10.0,56.7,204,ok
2026-06-17T07:07:09+02:00,21.2,9.6,58.2,204,ok
2026-06-17T07:07:40+02:00,3.3,9.9,52.2,204,ok
2026-06-17T07:08:10+02:00,19.7,11.9,54.6,204,ok
2026-06-17T07:08:41+02:00,2.6,10.0,47.2,204,ok
2026-06-17T07:09:12+02:00,3.0,14.7,58.9,204,ok
2026-06-17T07:09:42+02:00,3.2,10.0,60.2,204,ok
2026-06-17T07:10:13+02:00,2.5,9.1,50.3,204,ok
2026-06-17T07:10:44+02:00,3.4,10.9,61.5,204,ok
2026-06-17T07:11:14+02:00,20.0,12.9,55.5,204,ok
2026-06-17T07:11:45+02:00,21.5,9.6,60.7,204,ok
2026-06-17T07:12:16+02:00,3.2,10.4,53.8,204,ok
2026-06-17T07:12:48+02:00,3.1,15.4,57.2,204,ok
2026-06-17T07:13:19+02:00,3.3,9.8,54.7,204,ok
2026-06-17T07:13:49+02:00,3.1,9.5,52.3,204,ok
2026-06-17T07:14:20+02:00,3.2,11.2,60.7,204,ok
2026-06-17T07:14:51+02:00,2.6,11.7,53.1,204,ok
2026-06-17T07:15:21+02:00,2.9,11.6,52.2,204,ok
2026-06-17T07:15:52+02:00,3.4,9.2,54.7,204,ok
2026-06-17T07:16:23+02:00,22.8,9.3,62.2,204,ok
2026-06-17T07:16:53+02:00,2.2,9.1,46.4,204,ok
2026-06-17T07:17:24+02:00,3.1,11.6,55.2,204,ok
2026-06-17T07:17:55+02:00,2.3,10.5,47.8,204,ok
2026-06-17T07:18:25+02:00,1.3,9.2,39.9,204,ok
2026-06-17T07:18:56+02:00,2.9,10.5,48.7,204,ok
2026-06-17T07:19:27+02:00,1.9,14.9,44.9,204,ok
2026-06-17T07:19:57+02:00,2.9,9.1,54.8,204,ok
2026-06-17T07:20:28+02:00,2.8,11.0,50.1,204,ok
2026-06-17T07:20:59+02:00,21.4,9.6,65.4,204,ok
2026-06-17T07:21:29+02:00,20.2,10.1,52.8,204,ok
2026-06-17T07:22:00+02:00,3.2,14.6,53.6,204,ok
2026-06-17T07:22:31+02:00,3.0,10.3,54.4,204,ok
2026-06-17T07:23:01+02:00,20.8,13.1,59.7,204,ok
2026-06-17T07:23:32+02:00,3.3,9.4,58.9,204,ok
2026-06-17T07:24:03+02:00,2.5,9.5,49.5,204,ok
2026-06-17T07:24:33+02:00,2.7,10.1,56.1,204,ok
2026-06-17T07:25:04+02:00,3.4,10.0,56.4,204,ok
2026-06-17T07:25:35+02:00,1.3,9.6,44.6,204,ok
2026-06-17T07:26:05+02:00,23.4,10.8,59.6,204,ok
2026-06-17T07:26:36+02:00,22.8,12.8,63.2,204,ok
2026-06-17T07:27:07+02:00,2.8,9.5,51.7,204,ok
2026-06-17T07:27:39+02:00,3.2,13.3,58.6,204,ok
2026-06-17T07:28:10+02:00,2.6,14.0,53.2,204,ok
2026-06-17T07:28:42+02:00,3.2,13.2,54.9,204,ok
2026-06-17T07:29:13+02:00,3.4,10.8,54.0,204,ok
2026-06-17T07:29:44+02:00,2.7,11.6,49.4,204,ok
2026-06-17T07:30:14+02:00,3.2,10.9,57.7,204,ok
2026-06-17T07:30:45+02:00,3.2,9.6,63.0,204,ok
2026-06-17T07:31:16+02:00,25.1,9.8,63.2,204,ok
2026-06-17T07:31:46+02:00,3.2,10.8,53.4,204,ok
2026-06-17T07:32:17+02:00,22.4,12.5,61.4,204,ok
2026-06-17T07:32:48+02:00,2.9,12.0,51.7,204,ok
2026-06-17T07:33:18+02:00,3.5,9.8,52.9,204,ok
2026-06-17T07:33:49+02:00,2.9,10.5,50.9,204,ok
2026-06-17T07:34:20+02:00,3.4,11.0,59.4,204,ok
2026-06-17T07:34:52+02:00,2.3,9.1,49.9,204,ok
2026-06-17T07:35:23+02:00,2.0,9.3,46.1,204,ok
2026-06-17T07:35:53+02:00,1.7,10.4,50.5,204,ok
2026-06-17T07:36:24+02:00,21.1,9.5,59.4,204,ok
2026-06-17T07:36:55+02:00,21.8,12.0,54.2,204,ok
2026-06-17T07:37:27+02:00,3.1,10.1,50.9,204,ok
2026-06-17T07:37:58+02:00,22.6,12.5,63.3,204,ok
2026-06-17T07:38:28+02:00,2.8,9.3,55.8,204,ok
2026-06-17T07:38:59+02:00,3.2,9.1,58.2,204,ok
2026-06-17T07:39:30+02:00,2.9,10.9,46.6,204,ok
2026-06-17T07:40:00+02:00,1.8,13.4,48.7,204,ok
2026-06-17T07:40:31+02:00,2.3,10.8,44.9,204,ok
2026-06-17T07:41:02+02:00,2.5,9.3,48.1,204,ok
2026-06-17T07:41:32+02:00,1.8,11.5,46.5,204,ok
2026-06-17T07:42:03+02:00,21.7,11.7,67.7,204,ok
2026-06-17T07:42:34+02:00,2.4,10.1,47.5,204,ok
2026-06-17T07:43:04+02:00,23.4,11.7,57.3,204,ok
2026-06-17T07:43:35+02:00,3.4,10.5,62.6,204,ok
2026-06-17T07:44:06+02:00,2.1,9.7,46.9,204,ok
2026-06-17T07:44:38+02:00,1.5,9.5,47.0,204,ok
2026-06-17T07:45:09+02:00,3.0,9.7,58.6,204,ok
2026-06-17T07:45:40+02:00,3.1,9.4,58.4,204,ok
2026-06-17T07:46:12+02:00,25.7,9.4,61.1,204,ok
2026-06-17T07:46:43+02:00,3.4,9.9,53.6,204,ok
2026-06-17T07:47:14+02:00,2.1,10.0,47.1,204,ok
2026-06-17T07:47:45+02:00,2.1,10.0,46.9,204,ok
2026-06-17T07:48:15+02:00,3.3,9.7,57.4,204,ok
2026-06-17T07:48:46+02:00,1.8,9.7,42.9,204,ok
2026-06-17T07:49:17+02:00,3.3,10.1,54.7,204,ok
2026-06-17T07:49:49+02:00,2.6,10.1,54.5,204,ok
2026-06-17T07:50:20+02:00,3.0,13.8,54.1,204,ok
2026-06-17T07:50:51+02:00,23.0,11.5,57.6,204,ok
2026-06-17T07:51:23+02:00,20.3,10.0,62.9,204,ok
2026-06-17T07:51:54+02:00,23.1,12.4,62.1,204,ok
2026-06-17T07:52:24+02:00,3.2,10.5,62.0,204,ok
2026-06-17T07:52:55+02:00,3.2,10.1,64.0,204,ok
2026-06-17T07:53:26+02:00,3.3,9.8,58.1,204,ok
2026-06-17T07:53:56+02:00,3.1,10.9,52.6,204,ok
2026-06-17T07:54:27+02:00,2.3,9.6,50.0,204,ok
2026-06-17T07:54:58+02:00,3.1,10.2,49.0,204,ok
2026-06-17T07:55:30+02:00,1.2,10.2,41.3,204,ok
2026-06-17T07:56:01+02:00,22.6,10.6,62.5,204,ok
2026-06-17T07:56:31+02:00,21.9,9.7,66.4,204,ok
2026-06-17T07:57:02+02:00,23.0,12.7,58.7,204,ok
2026-06-17T07:57:33+02:00,3.2,8.8,64.7,204,ok
2026-06-17T07:58:03+02:00,2.4,13.2,49.9,204,ok
2026-06-17T07:58:34+02:00,2.6,12.0,51.8,204,ok
2026-06-17T07:59:05+02:00,3.4,10.3,57.4,204,ok
2026-06-17T07:59:35+02:00,1.8,10.3,45.2,204,ok
2026-06-17T08:00:06+02:00,2.4,10.3,45.5,204,ok
2026-06-17T08:00:37+02:00,3.3,9.7,56.8,204,ok
2026-06-17T08:01:07+02:00,19.6,11.3,58.7,204,ok
2026-06-17T08:01:38+02:00,3.3,10.2,56.4,204,ok
2026-06-17T08:02:09+02:00,20.3,11.3,53.2,204,ok
2026-06-17T08:02:39+02:00,2.9,10.7,51.2,204,ok
2026-06-17T08:03:10+02:00,2.6,9.4,58.0,204,ok
2026-06-17T08:03:41+02:00,2.3,9.9,57.5,204,ok
2026-06-17T08:04:11+02:00,2.1,9.4,48.3,204,ok
2026-06-17T08:04:42+02:00,2.3,9.8,46.2,204,ok
2026-06-17T08:05:13+02:00,3.4,11.2,50.8,204,ok
2026-06-17T08:05:43+02:00,1.8,9.7,50.8,204,ok
2026-06-17T08:06:14+02:00,21.7,13.2,62.2,204,ok
2026-06-17T08:06:45+02:00,20.9,10.8,56.6,204,ok
2026-06-17T08:07:15+02:00,3.0,13.0,52.6,204,ok
2026-06-17T08:07:46+02:00,20.6,14.4,57.0,204,ok
2026-06-17T08:08:17+02:00,3.4,10.3,62.4,204,ok
2026-06-17T08:08:47+02:00,3.2,10.4,58.5,204,ok
2026-06-17T08:09:18+02:00,3.4,10.0,57.5,204,ok
2026-06-17T08:09:49+02:00,2.7,11.6,50.7,204,ok
2026-06-17T08:10:19+02:00,2.1,9.5,48.7,204,ok
2026-06-17T08:10:50+02:00,2.9,10.2,51.3,204,ok
2026-06-17T08:11:21+02:00,20.1,9.5,55.6,204,ok
2026-06-17T08:11:53+02:00,21.6,12.6,55.3,204,ok
2026-06-17T08:12:24+02:00,3.2,9.2,66.6,204,ok
2026-06-17T08:12:56+02:00,20.9,15.1,55.8,204,ok
2026-06-17T08:13:27+02:00,2.0,9.3,46.1,204,ok
2026-06-17T08:13:58+02:00,3.5,9.5,51.5,204,ok
2026-06-17T08:14:30+02:00,2.3,9.5,51.1,204,ok
2026-06-17T08:15:01+02:00,2.5,9.7,53.2,204,ok
2026-06-17T08:15:32+02:00,2.9,12.5,52.5,204,ok
2026-06-17T08:16:02+02:00,21.6,9.6,68.6,204,ok
2026-06-17T08:16:33+02:00,2.7,10.3,51.3,204,ok
2026-06-17T08:17:04+02:00,24.4,10.2,66.0,204,ok
2026-06-17T08:17:36+02:00,23.1,10.8,66.2,204,ok
2026-06-17T08:18:07+02:00,3.4,10.6,59.1,204,ok
2026-06-17T08:18:39+02:00,3.2,10.7,57.6,204,ok
2026-06-17T08:19:10+02:00,2.7,10.1,51.2,204,ok
2026-06-17T08:19:41+02:00,2.7,10.0,49.0,204,ok
2026-06-17T08:20:13+02:00,3.3,9.7,53.7,204,ok
2026-06-17T08:20:44+02:00,23.2,10.9,61.0,204,ok
2026-06-17T08:21:16+02:00,2.3,11.1,49.8,204,ok
2026-06-17T08:21:47+02:00,21.3,10.7,63.6,204,ok
2026-06-17T08:22:18+02:00,3.3,9.6,51.7,204,ok
2026-06-17T08:22:48+02:00,4.2,10.9,61.6,204,ok
2026-06-17T08:23:19+02:00,2.2,11.1,47.6,204,ok
2026-06-17T08:23:50+02:00,2.4,11.6,53.6,204,ok
2026-06-17T08:24:20+02:00,2.9,9.4,56.4,204,ok
2026-06-17T08:24:51+02:00,2.4,14.8,53.8,204,ok
2026-06-17T08:25:22+02:00,1.8,12.3,49.8,204,ok
2026-06-17T08:25:52+02:00,22.1,11.4,63.2,204,ok
2026-06-17T08:26:23+02:00,2.3,9.3,55.1,204,ok
2026-06-17T08:26:54+02:00,1.6,10.1,44.9,204,ok
2026-06-17T08:27:24+02:00,21.5,9.8,65.3,204,ok
2026-06-17T08:27:55+02:00,2.5,11.6,50.0,204,ok
2026-06-17T08:28:26+02:00,3.0,11.0,55.3,204,ok
2026-06-17T08:28:56+02:00,3.4,10.6,56.7,204,ok
2026-06-17T08:29:27+02:00,2.9,9.3,57.5,204,ok
2026-06-17T08:29:58+02:00,3.5,12.1,48.5,204,ok
2026-06-17T08:30:28+02:00,19.8,10.8,52.6,204,ok
2026-06-17T08:30:59+02:00,21.4,12.9,55.7,204,ok
2026-06-17T08:31:30+02:00,3.2,10.4,54.9,204,ok
2026-06-17T08:32:02+02:00,3.4,9.1,61.1,204,ok
2026-06-17T08:32:33+02:00,20.2,9.4,57.4,204,ok
2026-06-17T08:33:05+02:00,3.3,10.8,61.8,204,ok
2026-06-17T08:33:36+02:00,3.2,13.8,59.3,204,ok
2026-06-17T08:34:07+02:00,2.1,9.7,47.9,204,ok
2026-06-17T08:34:39+02:00,2.3,9.6,48.7,204,ok
2026-06-17T08:35:10+02:00,3.4,13.5,59.0,204,ok
2026-06-17T08:35:41+02:00,21.7,14.4,58.7,204,ok
2026-06-17T08:36:11+02:00,2.0,10.5,48.0,204,ok
2026-06-17T08:36:42+02:00,1.8,14.5,49.9,204,ok
2026-06-17T08:37:12+02:00,2.6,9.7,51.1,204,ok
2026-06-17T08:37:43+02:00,20.0,11.9,54.4,204,ok
2026-06-17T08:38:14+02:00,1.8,10.9,48.3,204,ok
2026-06-17T08:38:44+02:00,3.2,10.0,59.6,204,ok
2026-06-17T08:39:15+02:00,3.4,10.5,61.9,204,ok
2026-06-17T08:39:46+02:00,3.1,10.1,62.1,204,ok
2026-06-17T08:40:16+02:00,2.5,11.2,48.0,204,ok
2026-06-17T08:40:47+02:00,21.4,11.5,60.8,204,ok
2026-06-17T08:41:18+02:00,2.7,11.1,54.3,204,ok
2026-06-17T08:41:48+02:00,3.0,10.3,52.3,204,ok
2026-06-17T08:42:19+02:00,21.3,11.4,62.5,204,ok
2026-06-17T08:42:50+02:00,3.4,10.2,56.9,204,ok
2026-06-17T08:43:22+02:00,2.7,11.2,52.1,204,ok
2026-06-17T08:43:53+02:00,1.1,10.4,39.0,204,ok
2026-06-17T08:44:25+02:00,3.4,9.7,61.3,204,ok
2026-06-17T08:44:56+02:00,2.6,10.8,46.4,204,ok
2026-06-17T08:45:27+02:00,21.1,11.4,63.7,204,ok
2026-06-17T08:45:57+02:00,20.5,10.3,59.7,204,ok
2026-06-17T08:46:27+02:00,3.2,10.7,55.0,204,ok
2026-06-17T08:46:59+02:00,3.4,10.2,57.1,204,ok
2026-06-17T08:47:30+02:00,3.2,11.8,53.5,204,ok
2026-06-17T08:48:00+02:00,3.4,10.1,62.0,204,ok
2026-06-17T08:48:31+02:00,3.2,10.1,51.3,204,ok
2026-06-17T08:49:02+02:00,3.3,9.1,53.0,204,ok
2026-06-17T08:49:32+02:00,3.3,10.6,56.6,204,ok
2026-06-17T08:50:03+02:00,3.1,14.1,50.2,204,ok
2026-06-17T08:50:34+02:00,21.4,9.6,63.0,204,ok
2026-06-17T08:51:04+02:00,3.9,11.7,49.6,204,ok
2026-06-17T08:51:35+02:00,22.7,11.4,60.4,204,ok
2026-06-17T08:52:06+02:00,2.5,9.8,57.4,204,ok
2026-06-17T08:52:36+02:00,1.8,9.7,47.3,204,ok
2026-06-17T08:53:07+02:00,3.5,10.3,60.8,204,ok
2026-06-17T08:53:37+02:00,1.4,10.3,43.3,204,ok
2026-06-17T08:54:08+02:00,2.1,9.7,44.0,204,ok
2026-06-17T08:54:39+02:00,3.2,10.4,53.8,204,ok
2026-06-17T08:55:09+02:00,3.4,10.0,67.6,204,ok
2026-06-17T08:55:40+02:00,2.5,11.8,51.8,204,ok
2026-06-17T08:56:11+02:00,20.1,10.6,57.0,204,ok
2026-06-17T08:56:41+02:00,21.9,12.9,57.7,204,ok
2026-06-17T08:57:12+02:00,3.4,11.1,62.4,204,ok
2026-06-17T08:57:43+02:00,3.2,10.2,52.4,204,ok
2026-06-17T08:58:15+02:00,3.2,10.3,61.0,204,ok
2026-06-17T08:58:46+02:00,2.9,10.7,51.4,204,ok
2026-06-17T08:59:18+02:00,3.3,9.6,61.7,204,ok
2026-06-17T08:59:49+02:00,2.7,10.0,58.2,204,ok
2026-06-17T09:00:20+02:00,21.1,11.5,58.5,204,ok
2026-06-17T09:00:50+02:00,22.5,11.6,57.1,204,ok
2026-06-17T09:01:21+02:00,22.4,8.8,58.1,204,ok
2026-06-17T09:01:52+02:00,3.3,9.4,54.0,204,ok
2026-06-17T09:02:22+02:00,21.8,11.6,64.4,204,ok
2026-06-17T09:02:53+02:00,2.9,10.9,51.2,204,ok
2026-06-17T09:03:24+02:00,2.5,10.6,52.8,204,ok
2026-06-17T09:03:56+02:00,2.4,11.2,51.5,204,ok
2026-06-17T09:04:27+02:00,3.2,10.3,49.4,204,ok
2026-06-17T09:04:58+02:00,2.3,9.5,46.7,204,ok
2026-06-17T09:05:30+02:00,3.0,10.3,54.0,204,ok
2026-06-17T09:06:01+02:00,2.7,11.2,47.9,204,ok
2026-06-17T09:06:31+02:00,21.6,9.4,61.9,204,ok
2026-06-17T09:07:02+02:00,3.2,11.0,59.1,204,ok
2026-06-17T09:07:33+02:00,22.0,10.7,62.6,204,ok
2026-06-17T09:08:03+02:00,2.4,11.8,49.2,204,ok
2026-06-17T09:08:34+02:00,1.2,11.4,44.2,204,ok
2026-06-17T09:09:05+02:00,2.6,8.6,49.5,204,ok
2026-06-17T09:09:35+02:00,2.7,9.8,47.7,204,ok
2026-06-17T09:10:06+02:00,3.3,11.0,59.4,204,ok
2026-06-17T09:10:37+02:00,21.6,10.1,60.5,204,ok
2026-06-17T09:11:07+02:00,2.0,9.9,46.6,204,ok
2026-06-17T09:11:38+02:00,3.2,10.1,64.5,204,ok
2026-06-17T09:12:09+02:00,21.7,11.3,64.7,204,ok
2026-06-17T09:12:39+02:00,2.4,9.7,49.6,204,ok
2026-06-17T09:13:10+02:00,2.0,13.1,48.4,204,ok
2026-06-17T09:13:41+02:00,3.3,13.2,55.4,204,ok
2026-06-17T09:14:13+02:00,3.5,9.7,61.6,204,ok
2026-06-17T09:14:44+02:00,3.2,9.9,53.7,204,ok
2026-06-17T09:15:14+02:00,21.7,9.2,57.8,204,ok
2026-06-17T09:15:45+02:00,4.0,10.0,54.5,204,ok
2026-06-17T09:16:16+02:00,3.1,10.5,52.8,204,ok
2026-06-17T09:16:46+02:00,3.3,10.5,53.5,204,ok
2026-06-17T09:17:17+02:00,1.7,9.9,47.4,204,ok
2026-06-17T09:17:48+02:00,2.7,9.7,48.5,204,ok
2026-06-17T09:18:18+02:00,2.4,10.1,50.3,204,ok
2026-06-17T09:18:49+02:00,3.3,9.6,61.0,204,ok
2026-06-17T09:19:20+02:00,2.2,9.8,53.3,204,ok
2026-06-17T09:19:50+02:00,1.6,9.0,45.3,204,ok
2026-06-17T09:20:21+02:00,21.8,9.7,66.0,204,ok
2026-06-17T09:20:52+02:00,22.1,16.2,65.5,204,ok
2026-06-17T09:21:24+02:00,2.9,11.0,50.5,204,ok
2026-06-17T09:21:55+02:00,1.3,10.0,42.7,204,ok
2026-06-17T09:22:27+02:00,3.0,10.3,50.4,204,ok
2026-06-17T09:22:58+02:00,3.2,9.3,59.8,204,ok
2026-06-17T09:23:29+02:00,3.4,9.5,53.9,204,ok
2026-06-17T09:23:59+02:00,3.2,10.9,56.0,204,ok
2026-06-17T09:24:30+02:00,2.1,9.8,57.1,204,ok
2026-06-17T09:25:01+02:00,3.2,10.1,62.5,204,ok
2026-06-17T09:25:31+02:00,4.9,9.5,50.1,204,ok
2026-06-17T09:26:02+02:00,2.9,9.5,51.1,204,ok
2026-06-17T09:26:33+02:00,2.7,11.3,47.5,204,ok
2026-06-17T09:27:03+02:00,20.5,11.7,60.9,204,ok
2026-06-17T09:27:34+02:00,2.5,8.9,48.1,204,ok
2026-06-17T09:28:05+02:00,1.3,10.7,41.5,204,ok
2026-06-17T09:28:35+02:00,2.6,11.5,51.1,204,ok
2026-06-17T09:29:06+02:00,2.6,11.1,50.0,204,ok
2026-06-17T09:29:37+02:00,2.7,9.6,46.3,204,ok
2026-06-17T09:30:07+02:00,18.0,11.7,51.0,204,ok
2026-06-17T09:30:38+02:00,2.9,23.7,53.6,204,ok
2026-06-17T09:31:08+02:00,1.8,11.7,49.8,204,ok
2026-06-17T09:31:39+02:00,23.4,10.7,59.7,204,ok
2026-06-17T09:32:10+02:00,20.3,11.2,56.6,204,ok
2026-06-17T09:32:40+02:00,2.4,9.6,50.1,204,ok
2026-06-17T09:33:11+02:00,2.9,12.7,53.4,204,ok
2026-06-17T09:33:42+02:00,2.5,11.5,51.6,204,ok
2026-06-17T09:34:14+02:00,1.9,9.4,46.8,204,ok
2026-06-17T09:34:45+02:00,3.2,10.0,65.7,204,ok
2026-06-17T09:35:15+02:00,22.3,14.6,57.2,204,ok
2026-06-17T09:35:46+02:00,3.0,10.0,52.4,204,ok
2026-06-17T09:36:17+02:00,22.5,10.6,62.6,204,ok
2026-06-17T09:36:47+02:00,3.4,10.9,60.9,204,ok
2026-06-17T09:37:18+02:00,5.1,10.9,63.1,204,ok
2026-06-17T09:37:48+02:00,3.3,10.5,62.7,204,ok
2026-06-17T09:38:19+02:00,3.2,10.8,59.8,204,ok
2026-06-17T09:38:50+02:00,2.8,9.7,47.9,204,ok
2026-06-17T09:39:20+02:00,2.9,12.2,53.6,204,ok
2026-06-17T09:39:51+02:00,2.0,10.1,46.1,204,ok
2026-06-17T09:40:22+02:00,22.8,8.9,56.0,204,ok
2026-06-17T09:40:52+02:00,20.1,11.1,59.0,204,ok
2026-06-17T09:41:23+02:00,1.6,11.6,47.0,204,ok
2026-06-17T09:41:54+02:00,21.4,12.9,54.1,204,ok
2026-06-17T09:42:24+02:00,1.9,9.3,45.8,204,ok
2026-06-17T09:42:55+02:00,1.2,11.3,41.4,204,ok
2026-06-17T09:43:26+02:00,2.1,8.5,46.2,204,ok
2026-06-17T09:43:56+02:00,2.3,9.7,47.4,204,ok
2026-06-17T09:44:27+02:00,1.8,10.3,47.2,204,ok
2026-06-17T09:44:58+02:00,22.3,9.8,60.2,204,ok
2026-06-17T09:45:28+02:00,3.0,9.6,50.5,204,ok
2026-06-17T09:45:59+02:00,2.9,10.7,50.3,204,ok
2026-06-17T09:46:30+02:00,3.0,11.5,54.3,204,ok
2026-06-17T09:47:01+02:00,22.1,12.0,59.7,204,ok
2026-06-17T09:47:33+02:00,3.2,9.3,56.2,204,ok
2026-06-17T09:48:04+02:00,3.4,10.0,58.4,204,ok
2026-06-17T09:48:36+02:00,1.5,11.8,45.0,204,ok
2026-06-17T09:49:07+02:00,2.9,9.9,48.2,204,ok
2026-06-17T09:49:38+02:00,3.2,10.7,55.2,204,ok
2026-06-17T09:50:08+02:00,21.9,12.7,54.7,204,ok
2026-06-17T09:50:39+02:00,2.4,9.9,47.2,204,ok
2026-06-17T09:51:10+02:00,2.6,10.1,47.4,204,ok
2026-06-17T09:51:40+02:00,2.3,9.4,50.2,204,ok
2026-06-17T09:52:11+02:00,20.7,11.5,55.7,204,ok
2026-06-17T09:52:42+02:00,1.6,10.2,43.7,204,ok
2026-06-17T09:53:14+02:00,2.6,10.8,54.3,204,ok
2026-06-17T09:53:45+02:00,3.2,9.0,56.4,204,ok
2026-06-17T09:54:17+02:00,1.8,10.0,44.9,204,ok
2026-06-17T09:54:48+02:00,3.3,11.2,57.8,204,ok
2026-06-17T09:55:19+02:00,22.2,14.6,64.5,204,ok
2026-06-17T09:55:49+02:00,2.3,10.6,48.1,204,ok
2026-06-17T09:56:20+02:00,2.8,9.7,55.8,204,ok
2026-06-17T09:56:51+02:00,21.1,9.6,58.7,204,ok
2026-06-17T09:57:23+02:00,2.7,14.7,54.7,204,ok
2026-06-17T09:57:54+02:00,2.8,12.4,47.9,204,ok
2026-06-17T09:58:24+02:00,2.0,12.1,48.6,204,ok
2026-06-17T09:58:55+02:00,3.4,9.6,54.3,204,ok
2026-06-17T09:59:26+02:00,2.8,11.7,53.5,204,ok
2026-06-17T09:59:56+02:00,22.4,11.8,56.2,204,ok
2026-06-17T10:00:27+02:00,20.8,9.8,58.5,204,ok
2026-06-17T10:00:58+02:00,21.9,10.8,57.5,204,ok
2026-06-17T10:01:28+02:00,1.8,9.3,47.0,204,ok
2026-06-17T10:01:59+02:00,3.0,11.6,53.8,204,ok
2026-06-17T10:02:30+02:00,1.8,12.2,48.4,204,ok
2026-06-17T10:03:00+02:00,2.4,10.3,51.2,204,ok
2026-06-17T10:03:31+02:00,3.2,10.0,54.5,204,ok
2026-06-17T10:04:02+02:00,1.5,9.4,45.7,204,ok
2026-06-17T10:04:34+02:00,2.0,10.2,47.2,204,ok
2026-06-17T10:05:05+02:00,1.7,10.4,44.5,204,ok
2026-06-17T10:05:36+02:00,4.3,9.1,61.0,204,ok
                                                2026-06-17T10:48:00+02:00,,,,000,FAIL
2026-06-17T10:48:30+02:00,,,,000,FAIL
2026-06-17T10:49:13+02:00,,,,000,FAIL
2026-06-17T10:49:55+02:00,,,,000,FAIL
2026-06-17T10:50:38+02:00,,,,000,FAIL
2026-06-17T10:51:19+02:00,,,,000,FAIL
2026-06-17T10:52:01+02:00,,,,000,FAIL
2026-06-17T10:52:44+02:00,,,,000,FAIL
2026-06-17T10:53:26+02:00,,,,000,FAIL
2026-06-17T10:54:09+02:00,,,,000,FAIL
2026-06-17T10:54:52+02:00,,,,000,FAIL
2026-06-17T10:55:34+02:00,,,,000,FAIL
2026-06-17T10:56:17+02:00,,,,000,FAIL
2026-06-17T10:56:59+02:00,,,,000,FAIL
2026-06-17T10:57:42+02:00,,,,000,FAIL
2026-06-17T10:58:24+02:00,,,,000,FAIL
2026-06-17T10:59:07+02:00,,,,000,FAIL
2026-06-17T10:59:49+02:00,2.6,4.3,48.4,204,ok
2026-06-17T11:00:22+02:00,3.3,5.4,59.5,204,ok
2026-06-17T11:00:55+02:00,3.4,4.2,57.2,204,ok
